Age,Weight (kg),Height (m),Max_BPM,Avg_BPM,Resting_BPM,Session_Duration (hours),Calories_Burned,Fat_Percentage,Water_Intake (liters),Workout_Frequency (days/week),BMI,Gender_cat,Workout_Type_cat,Experience_Level
0.926829268292683,0.5372636262513903,0.41999999999999993,0.5128205128205128,0.7551020408163265,0.4166666666666667,0.7933333333333333,0.6824324324324325,0.10399999999999998,0.9090909090909091,0.6666666666666666,0.4765458422174839,1,3,3
0.6829268292682927,0.38820912124582874,0.06000000000000005,0.48717948717948717,0.6326530612244898,0.6666666666666666,0.5333333333333333,0.3918918918918919,0.956,0.27272727272727276,0.6666666666666666,0.5245202558635393,0,1,2
0.34146341463414637,0.31256952169076746,0.31999999999999984,0.1794871794871795,0.04081632653061224,0.16666666666666666,0.40666666666666673,0.2527027027027027,0.9359999999999999,0.36363636363636354,0.6666666666666666,0.3302238805970149,0,0,2
0.17073170731707318,0.14682981090100114,0.3999999999999999,0.7692307692307693,0.8979591836734694,0.25,0.05999999999999998,0.15472972972972973,0.752,0.27272727272727276,0.3333333333333333,0.16231343283582086,1,2,1
0.4878048780487805,0.067853170189099,0.5800000000000001,0.717948717948718,0.7755102040816326,0.75,0.09333333333333334,0.17094594594594595,0.768,0.5909090909090908,0.3333333333333333,0.055170575692963755,1,2,1
0.926829268292683,0.20022246941045604,0.3599999999999999,0.20512820512820512,0.7346938775510204,1.0,0.7266666666666667,0.5493243243243243,0.22,0.5454545454545455,1.0,0.21934968017057568,0,1,3
0.43902439024390244,0.33704115684093433,0.43999999999999995,0.358974358974359,1.0,0.9583333333333334,0.66,0.731081081081081,0.452,0.36363636363636354,0.3333333333333333,0.3049040511727079,1,0,2
0.5365853658536586,0.3303670745272525,0.020000000000000018,0.7435897435897436,0.42857142857142855,0.5833333333333334,0.5133333333333333,0.4,0.8240000000000001,0.18181818181818177,0.3333333333333333,0.4864072494669509,0,0,2
0.24390243902439024,0.9087875417130145,0.8799999999999999,0.6410256410256411,0.14285714285714285,0.08333333333333333,0.35333333333333333,0.2810810810810811,0.7559999999999999,0.5,0.6666666666666666,0.5335820895522388,1,2,2
0.24390243902439024,0.6874304783092324,0.6800000000000002,0.23076923076923078,0.32653061224489793,0.5833333333333334,0.3866666666666667,0.34121621621621623,0.7879999999999999,0.5454545454545455,0.3333333333333333,0.47308102345415776,1,0,1
0.5609756097560976,0.8987764182424915,0.33999999999999986,0.717948717948718,0.5306122448979592,0.16666666666666666,0.2133333333333333,0.19594594594594594,0.42,0.6818181818181818,0.0,0.8259594882729211,1,1,1
0.8536585365853658,0.13014460511679646,0.3999999999999999,0.38461538461538464,0.6530612244897959,0.9166666666666666,0.4333333333333333,0.37972972972972974,0.544,0.9090909090909091,0.3333333333333333,0.148454157782516,1,1,2
0.9512195121951219,0.8064516129032258,0.2200000000000002,0.8974358974358975,0.9183673469387755,0.4583333333333333,0.49333333333333335,0.4797297297297297,0.48400000000000004,0.5454545454545455,0.3333333333333333,0.8283582089552237,1,0,2
0.5609756097560976,0.6062291434927697,1.0,0.48717948717948717,0.32653061224489793,0.7916666666666666,0.4533333333333333,0.33175675675675675,0.7040000000000001,1.0,0.3333333333333333,0.3011727078891258,1,1,1
0.04878048780487805,0.8642936596218019,0.6200000000000001,0.9230769230769231,0.8367346938775511,0.16666666666666666,0.5666666666666668,0.6027027027027027,0.6559999999999999,0.818181818181818,0.3333333333333333,0.6292643923240937,1,3,2
0.5121951219512195,0.027808676307007785,0.5,0.5384615384615384,0.22448979591836735,0.08333333333333333,0.41999999999999993,0.29527027027027025,0.648,0.27272727272727276,0.0,0.04157782515991472,0,2,1
0.024390243902439025,0.26696329254727474,0.06000000000000005,0.15384615384615385,0.9591836734693877,0.3333333333333333,0.5533333333333333,0.5459459459459459,0.792,0.36363636363636354,0.3333333333333333,0.400319829424307,0,1,2
0.5609756097560976,0.0422691879866518,0.54,0.5641025641025641,0.9183673469387755,0.3333333333333333,0.45999999999999996,0.39256756756756755,0.8759999999999999,0.04545454545454549,0.3333333333333333,0.044243070362473345,0,0,1
0.7073170731707317,0.29810901001112344,0.5,1.0,0.5306122448979592,0.25,0.41999999999999993,0.29662162162162165,0.9119999999999999,0.45454545454545453,0.3333333333333333,0.25293176972281445,0,2,2
0.9024390243902439,0.39154616240266965,0.33999999999999986,0.717948717948718,0.9591836734693877,0.041666666666666664,0.5800000000000001,0.4912162162162162,0.608,0.31818181818181823,0.0,0.39019189765458423,0,1,1
0.024390243902439025,0.5450500556173525,0.54,0.38461538461538464,0.14285714285714285,0.9166666666666666,0.6666666666666666,0.5033783783783784,0.7559999999999999,1.0,0.6666666666666666,0.4288379530916844,1,2,2
0.4878048780487805,0.3548387096774194,0.54,0.9487179487179487,0.4489795918367347,0.9166666666666666,0.4133333333333334,0.3864864864864865,0.628,0.7272727272727273,0.0,0.2833155650319829,1,0,1
0.7804878048780488,0.3448275862068965,0.3599999999999999,0.6923076923076923,0.8367346938775511,0.8333333333333334,0.4466666666666666,0.36824324324324326,0.924,0.45454545454545453,0.0,0.34221748400852875,0,3,1
0.2682926829268293,0.899888765294772,0.56,0.9487179487179487,0.9795918367346939,0.625,0.18666666666666668,0.28243243243243243,0.7240000000000001,0.8636363636363635,0.0,0.6886993603411512,1,3,1
0.5121951219512195,0.27030033370411566,0.3799999999999999,0.7692307692307693,0.5714285714285714,0.3333333333333333,0.5,0.42027027027027025,0.6759999999999999,0.18181818181818177,0.6666666666666666,0.27158848614072495,0,1,2
0.5853658536585366,0.26362625139043383,0.41999999999999993,0.3333333333333333,1.0,0.5,0.6133333333333333,0.525,0.644,0.13636363636363638,0.3333333333333333,0.2521321961620469,0,3,2
0.6341463414634146,0.2803114571746385,0.6000000000000001,0.8205128205128205,0.3877551020408163,0.75,0.15333333333333332,0.13445945945945945,0.688,0.5454545454545455,0.0,0.20788912579957355,1,1,1
1.0,0.15461624026696327,0.5,0.20512820512820512,0.30612244897959184,0.7916666666666666,0.6533333333333333,0.4635135135135135,0.4640000000000001,0.5909090909090908,0.6666666666666666,0.14072494669509597,1,2,2
0.6585365853658537,0.4994438264738599,0.7200000000000002,0.6666666666666666,0.32653061224489793,0.6666666666666666,0.7599999999999999,0.5412162162162162,0.16799999999999998,0.9090909090909091,1.0,0.3256929637526652,1,1,3
0.36585365853658536,0.42269187986651835,0.3599999999999999,0.5897435897435898,0.30612244897959184,0.20833333333333334,0.5266666666666667,0.3837837837837838,0.8919999999999999,0.13636363636363638,0.3333333333333333,0.4083155650319829,0,1,2
0.34146341463414637,0.7586206896551724,0.6000000000000001,0.3076923076923077,0.3673469387755102,0.125,0.5133333333333333,0.4466216216216216,0.736,0.9090909090909091,0.3333333333333333,0.5618336886993602,1,1,1
0.04878048780487805,0.2825361512791992,0.040000000000000036,0.6410256410256411,0.14285714285714285,0.0,0.35333333333333333,0.23716216216216215,0.72,0.31818181818181823,0.6666666666666666,0.4261727078891257,0,3,2
0.8780487804878049,0.11345939933259179,0.2200000000000002,0.717948717948718,0.7551020408163265,0.7083333333333334,0.6533333333333333,0.5020270270270271,0.728,0.5454545454545455,0.0,0.1878997867803838,0,1,1
0.14634146341463414,0.21023359288097884,0.020000000000000018,0.6923076923076923,0.7551020408163265,0.75,0.36000000000000004,0.34662162162162163,0.868,0.45454545454545453,0.0,0.36007462686567154,0,0,1
0.4878048780487805,0.460511679644049,0.41999999999999993,0.6923076923076923,0.5714285714285714,0.3333333333333333,0.68,0.6310810810810811,0.007999999999999972,0.9090909090909091,1.0,0.41364605543710015,1,1,3
0.1951219512195122,0.9744160177975527,0.45999999999999996,0.1794871794871795,0.8163265306122449,0.5,0.5466666666666667,0.5804054054054054,0.6920000000000001,0.6363636363636362,0.3333333333333333,0.8078358208955224,1,2,1
0.926829268292683,0.21468298109010006,0.1200000000000001,0.5641025641025641,0.7142857142857143,0.2916666666666667,0.5066666666666667,0.3891891891891892,0.9359999999999999,0.5,0.6666666666666666,0.32116204690831557,0,0,2
0.4146341463414634,0.6329254727474972,0.41999999999999993,0.717948717948718,0.5102040816326531,0.9166666666666666,0.56,0.5175675675675676,0.568,0.6363636363636362,0.3333333333333333,0.5549040511727078,1,2,2
0.07317073170731707,0.25139043381535037,0.6200000000000001,0.10256410256410256,0.6122448979591837,0.5,0.5333333333333333,0.5195945945945946,0.7040000000000001,0.9090909090909091,0.6666666666666666,0.1809701492537313,1,2,2
0.5853658536585366,0.06117908787541713,0.20000000000000018,0.15384615384615385,0.8775510204081632,0.5833333333333334,0.54,0.5094594594594595,0.46799999999999997,0.5,0.3333333333333333,0.14525586353944558,1,2,2
0.3170731707317073,0.09788654060066737,0.020000000000000018,0.8974358974358975,0.22448979591836735,0.4166666666666667,0.6533333333333333,0.45,0.728,0.22727272727272727,0.0,0.24200426439232403,0,0,1
0.1951219512195122,0.04783092324805336,0.20000000000000018,0.6666666666666666,0.32653061224489793,0.4583333333333333,0.3866666666666667,0.29121621621621624,0.9880000000000001,0.22727272727272727,0.3333333333333333,0.13272921108742003,0,0,1
0.6097560975609756,0.814238042269188,0.6600000000000001,0.02564102564102564,0.2857142857142857,0.5416666666666666,0.6333333333333333,0.4452702702702703,0.7959999999999999,0.6363636363636362,0.6666666666666666,0.5724946695095947,1,3,2
0.024390243902439025,0.22803114571746383,0.18000000000000016,0.6153846153846154,0.16326530612244897,0.125,0.4266666666666666,0.2885135135135135,0.804,0.31818181818181823,0.0,0.30943496801705755,0,0,1
0.4634146341463415,0.9365962180200222,0.52,0.20512820512820512,0.7755102040816326,0.0,0.6666666666666666,0.6763513513513514,0.772,0.5909090909090908,0.0,0.7404051172707888,1,1,1
0.6585365853658537,0.1379310344827586,0.7000000000000002,0.6666666666666666,0.8367346938775511,0.9583333333333334,0.4666666666666666,0.4412162162162162,0.608,0.45454545454545453,0.3333333333333333,0.0796908315565032,1,2,1
0.14634146341463414,0.1635150166852058,0.48,0.0,0.9591836734693877,0.125,0.22666666666666666,0.3168918918918919,0.5159999999999999,0.9545454545454545,0.3333333333333333,0.15325159914712153,1,3,1
0.17073170731707318,0.5350389321468297,0.8999999999999999,0.5641025641025641,0.22448979591836735,0.75,0.6066666666666666,0.4817567567567568,0.508,0.6818181818181818,0.0,0.28917910447761197,1,0,1
0.8292682926829268,0.21913236929922136,0.41999999999999993,0.23076923076923078,0.6326530612244898,0.3333333333333333,0.48666666666666664,0.3601351351351351,0.9719999999999999,0.22727272727272727,0.3333333333333333,0.2158848614072495,0,2,1
0.3170731707317073,0.44160177975528364,0.08000000000000007,0.6153846153846154,0.4897959183673469,0.375,0.35333333333333333,0.29662162162162165,0.6679999999999999,0.36363636363636354,0.6666666666666666,0.5674307036247334,0,0,2
0.3902439024390244,0.12235817575083426,0.2400000000000002,0.05128205128205128,0.7755102040816326,0.125,0.6133333333333333,0.5533783783783783,0.8320000000000001,0.409090909090909,0.3333333333333333,0.18949893390191894,0,3,2
0.8536585365853658,0.4916573971078977,0.52,0.1282051282051282,0.3469387755102041,0.7916666666666666,0.7799999999999999,0.5608108108108109,0.11200000000000003,0.9090909090909091,1.0,0.3960554371002132,1,0,3
0.9512195121951219,0.9132369299221356,0.7799999999999998,0.1282051282051282,0.2857142857142857,0.3333333333333333,0.41999999999999993,0.30202702702702705,0.696,0.9545454545454545,0.3333333333333333,0.5826226012793176,1,0,1
0.07317073170731707,0.6307007786429366,0.43999999999999995,0.02564102564102564,0.6326530612244898,0.5,0.5066666666666667,0.5020270270270271,0.6,0.5909090909090908,0.3333333333333333,0.5429104477611939,1,2,1
0.024390243902439025,0.3670745272525028,0.5800000000000001,0.4358974358974359,0.10204081632653061,0.4583333333333333,0.2066666666666667,0.13716216216216215,0.708,0.04545454545454549,0.3333333333333333,0.27878464818763327,0,1,1
0.12195121951219512,0.8320355951056729,0.20000000000000018,0.5641025641025641,0.8775510204081632,0.4166666666666667,0.6466666666666666,0.6858108108108109,0.46799999999999997,0.5454545454545455,0.6666666666666666,0.8667377398720683,1,0,2
1.0,0.2836484983314794,0.040000000000000036,0.02564102564102564,0.8571428571428571,0.4583333333333333,0.6,0.4851351351351351,0.848,0.27272727272727276,0.3333333333333333,0.42723880597014924,0,3,2
0.07317073170731707,0.11457174638487204,0.040000000000000036,0.28205128205128205,0.6938775510204082,0.7083333333333334,0.3866666666666667,0.35743243243243245,0.8880000000000001,0.5,0.3333333333333333,0.251865671641791,0,0,1
0.6829268292682927,0.23359288097886538,0.41999999999999993,0.5384615384615384,0.673469387755102,0.4583333333333333,0.7799999999999999,0.5722972972972973,0.31200000000000006,0.5454545454545455,0.6666666666666666,0.22761194029850743,0,0,3
0.4146341463414634,0.05116796440489434,0.2400000000000002,0.9230769230769231,0.7551020408163265,0.625,0.040000000000000036,0.09256756756756757,0.8959999999999999,0.22727272727272727,0.0,0.12446695095948822,0,1,1
0.6097560975609756,0.2024471635150167,0.2200000000000002,0.48717948717948717,0.08163265306122448,0.16666666666666666,0.36000000000000004,0.18716216216216217,0.6559999999999999,0.5,0.3333333333333333,0.2699893390191897,0,2,2
0.8048780487804879,0.05339265850945492,0.2599999999999998,0.9743589743589743,0.3469387755102041,0.7916666666666666,0.3866666666666667,0.24527027027027026,0.9519999999999998,0.27272727272727276,0.6666666666666666,0.12100213219616202,0,3,2
0.21951219512195122,0.5283648498331479,0.2599999999999998,0.5897435897435898,0.30612244897959184,1.0,0.8333333333333334,0.672972972972973,0.11600000000000002,0.9090909090909091,1.0,0.5493070362473347,1,2,3
0.8536585365853658,0.1312569521690767,0.48,0.48717948717948717,0.14285714285714285,0.4583333333333333,0.48666666666666664,0.31756756756756754,0.452,1.0,0.3333333333333333,0.1276652452025586,1,2,2
0.3170731707317073,0.271412680756396,0.3999999999999999,0.0,0.4897959183673469,0.8333333333333334,0.98,0.7533783783783784,0.29200000000000004,0.5454545454545455,1.0,0.26545842217484006,0,2,3
0.7317073170731707,0.3014460511679643,0.2200000000000002,0.0,0.6326530612244898,1.0,0.08,0.07972972972972973,0.9359999999999999,0.0,0.0,0.3616737739872068,0,0,1
0.34146341463414637,0.510567296996663,0.20000000000000018,0.41025641025641024,0.5102040816326531,0.4166666666666667,0.9933333333333333,0.8675675675675676,0.18,0.9090909090909091,1.0,0.5658315565031982,1,1,3
0.17073170731707318,0.2825361512791992,0.54,0.0,0.42857142857142855,0.3333333333333333,0.26,0.21891891891891893,0.7040000000000001,0.5,0.3333333333333333,0.22814498933901914,0,0,1
0.3170731707317073,0.2347052280311457,0.52,0.7435897435897436,0.6122448979591837,0.7083333333333334,0.8733333333333334,0.7128378378378378,0.3440000000000001,0.5454545454545455,0.6666666666666666,0.19722814498933897,0,3,3
0.5365853658536586,0.739710789766407,0.2999999999999998,0.05128205128205128,0.8571428571428571,1.0,0.5466666666666667,0.5898648648648649,0.44,0.9545454545454545,0.6666666666666666,0.7142857142857142,1,1,2
0.9512195121951219,0.26696329254727474,0.040000000000000036,0.2564102564102564,0.1836734693877551,0.08333333333333333,0.82,0.47364864864864864,0.20799999999999996,0.5454545454545455,1.0,0.40991471215351805,0,2,3
0.4878048780487805,0.23804226918798663,0.08000000000000007,0.5897435897435898,0.22448979591836735,0.7916666666666666,0.6466666666666666,0.44594594594594594,0.8240000000000001,0.5454545454545455,0.3333333333333333,0.3616737739872068,0,1,2
0.36585365853658536,0.005561735261401557,0.2599999999999998,0.5384615384615384,0.5510204081632653,0.6666666666666666,0.38000000000000006,0.32635135135135135,0.8759999999999999,0.0,0.6666666666666666,0.07782515991471214,0,3,2
0.4146341463414634,0.33481646273637367,0.5800000000000001,0.6410256410256411,0.10204081632653061,0.5416666666666666,0.3866666666666667,0.2972972972972973,0.72,0.36363636363636354,0.3333333333333333,0.25479744136460547,1,0,2
0.5609756097560976,0.6017797552836484,0.2400000000000002,0.3076923076923077,0.3877551020408163,0.0,0.41999999999999993,0.3202702702702703,0.5359999999999999,0.7272727272727273,0.6666666666666666,0.6273987206823027,1,0,2
0.6097560975609756,0.17241379310344826,0.6400000000000001,0.0,0.08163265306122448,0.6666666666666666,0.3866666666666667,0.24324324324324326,0.4040000000000001,0.22727272727272727,0.3333333333333333,0.11833688699360344,1,2,1
0.5853658536585366,0.1523915461624027,0.43999999999999995,0.5897435897435898,0.4489795918367347,1.0,0.5800000000000001,0.3864864864864865,0.792,0.04545454545454549,0.3333333333333333,0.15538379530916838,0,0,1
0.975609756097561,0.2903225806451612,0.5,0.23076923076923078,0.16326530612244897,0.2916666666666667,0.08666666666666667,0.04054054054054054,0.608,0.13636363636363638,0.0,0.24680170575692956,0,0,1
0.6829268292682927,0.710789766407119,0.54,0.8717948717948718,0.5714285714285714,0.16666666666666666,0.4533333333333333,0.37905405405405407,0.43599999999999994,0.6363636363636362,0.0,0.5554371002132195,1,3,1
0.34146341463414637,0.2413793103448276,0.16000000000000014,0.5897435897435898,0.30612244897959184,0.16666666666666666,0.9133333333333334,0.647972972972973,0.26400000000000007,0.5454545454545455,1.0,0.33049040511727074,0,1,3
0.0,0.13681868743047826,0.48,0.6923076923076923,0.9183673469387755,0.3333333333333333,0.4666666666666666,0.46418918918918917,0.7759999999999999,0.31818181818181823,0.0,0.13192963752665243,0,0,1
0.5853658536585366,0.21690767519466073,0.48,0.8974358974358975,0.42857142857142855,0.08333333333333333,0.8533333333333334,0.5581081081081081,0.25599999999999995,0.5454545454545455,1.0,0.19536247334754792,0,3,3
0.14634146341463414,0.36596218020022253,0.52,0.38461538461538464,0.14285714285714285,0.75,0.24,0.16418918918918918,0.8320000000000001,0.0,0.3333333333333333,0.298773987206823,0,3,1
0.1951219512195122,0.40823136818687433,0.2599999999999998,1.0,0.3877551020408163,0.9166666666666666,0.3866666666666667,0.3027027027027027,0.6240000000000001,0.09090909090909088,0.0,0.44109808102345416,0,2,1
0.5609756097560976,0.35706340378197987,0.6600000000000001,0.38461538461538464,0.2653061224489796,0.3333333333333333,0.41999999999999993,0.297972972972973,0.45599999999999996,0.5909090909090908,0.3333333333333333,0.24546908315565033,1,3,2
0.0,0.16462736373748604,0.3599999999999999,0.41025641025641024,0.7755102040816326,0.875,0.5133333333333333,0.47297297297297297,0.88,0.31818181818181823,0.6666666666666666,0.18923240938166314,0,2,2
0.17073170731707318,0.7230255839822024,0.7599999999999998,0.358974358974359,0.7346938775510204,0.7083333333333334,0.56,0.5722972972972973,0.45599999999999996,0.36363636363636354,0.3333333333333333,0.46348614072494665,1,0,2
0.5609756097560976,0.1668520578420467,0.10000000000000009,0.38461538461538464,1.0,0.625,0.6333333333333333,0.5405405405405406,0.856,0.22727272727272727,0.6666666666666666,0.28171641791044777,0,2,2
0.24390243902439024,0.4627363737486095,0.31999999999999984,0.358974358974359,0.673469387755102,0.0,0.39333333333333337,0.41486486486486485,0.42,0.9090909090909091,0.6666666666666666,0.460820895522388,1,3,2
0.3902439024390244,0.3959955506117908,0.20000000000000018,0.8461538461538461,0.20408163265306123,0.041666666666666664,0.09333333333333334,0.07635135135135135,0.764,0.5454545454545455,0.0,0.4586886993603411,0,1,1
0.17073170731707318,0.46162402669632924,0.2200000000000002,0.2564102564102564,0.7959183673469388,0.5416666666666666,0.9533333333333333,0.9358108108108109,0.03600000000000001,0.9090909090909091,0.6666666666666666,0.509594882729211,1,1,3
0.8292682926829268,0.23915461624026696,0.3799999999999999,0.0,0.6530612244897959,0.5416666666666666,0.8666666666666667,0.6270270270270271,0.22,0.5454545454545455,0.6666666666666666,0.24546908315565033,0,0,3
0.8292682926829268,0.3781979977753059,0.2599999999999998,0.358974358974359,0.6122448979591837,0.0,0.5066666666666667,0.4277027027027027,0.628,1.0,0.3333333333333333,0.4139125799573561,1,0,2
0.7804878048780488,0.18242491657397106,0.18000000000000016,0.6410256410256411,0.8775510204081632,1.0,0.5066666666666667,0.4195945945945946,0.9719999999999999,0.5,0.3333333333333333,0.2662579957356076,0,1,1
0.0975609756097561,0.6963292547274749,0.6800000000000002,0.07692307692307693,0.673469387755102,0.625,0.5,0.5060810810810811,0.42,0.5454545454545455,0.3333333333333333,0.4792110874200426,1,2,2
1.0,0.1624026696329255,0.14000000000000012,0.10256410256410256,1.0,0.5833333333333334,0.05333333333333331,0.09324324324324325,0.768,0.36363636363636354,0.3333333333333333,0.2619936034115138,0,0,1
0.926829268292683,0.9899888765294771,0.56,0.8717948717948718,0.12244897959183673,0.5833333333333334,0.5266666666666667,0.33918918918918917,0.684,0.5454545454545455,0.0,0.7566631130063965,1,3,1
0.975609756097561,0.7063403781979978,0.31999999999999984,0.3076923076923077,0.9795918367346939,0.4583333333333333,0.5533333333333333,0.5425675675675675,0.5840000000000001,0.7272727272727273,0.3333333333333333,0.6727078891257996,1,0,1
0.6585365853658537,0.2157953281423804,0.020000000000000018,0.23076923076923078,0.4489795918367347,0.625,0.4333333333333333,0.2918918918918919,0.924,0.18181818181818177,0.6666666666666666,0.3659381663113006,0,2,2
0.14634146341463414,0.2235817575083426,0.5800000000000001,0.2564102564102564,0.9183673469387755,0.5416666666666666,0.98,0.8932432432432432,0.23600000000000002,0.5454545454545455,0.6666666666666666,0.17164179104477614,0,0,3
0.1951219512195122,0.41935483870967744,0.2400000000000002,0.4358974358974359,0.12244897959183673,0.9583333333333334,0.43999999999999995,0.3385135135135135,0.784,0.6818181818181818,0.3333333333333333,0.460820895522388,1,3,2
0.17073170731707318,0.013348164627363768,0.2400000000000002,0.8461538461538461,0.4897959183673469,0.5833333333333334,0.66,0.5202702702702703,0.7559999999999999,0.27272727272727276,0.6666666666666666,0.09008528784648184,0,3,2
0.2682926829268293,0.20689655172413793,0.2200000000000002,0.9743589743589743,0.04081632653061224,0.9166666666666666,0.4666666666666666,0.33918918918918917,0.5359999999999999,0.22727272727272727,0.3333333333333333,0.2742537313432835,1,3,2
0.8048780487804879,0.7708565072302558,0.56,0.5641025641025641,0.7551020408163265,0.5833333333333334,0.02666666666666669,0.07905405405405405,0.748,0.818181818181818,0.3333333333333333,0.5911513859275053,1,2,1
0.7804878048780488,0.3292547274749721,0.9199999999999999,0.15384615384615385,0.3877551020408163,0.75,0.3133333333333333,0.24594594594594596,0.6240000000000001,0.22727272727272727,0.3333333333333333,0.15458422174840086,1,2,1
0.5365853658536586,0.18020022246941048,0.5800000000000001,0.9743589743589743,0.673469387755102,0.2916666666666667,0.86,0.7202702702702702,0.30400000000000005,0.5454545454545455,1.0,0.13912579957356072,0,3,3
0.5609756097560976,0.35261401557285876,0.9199999999999999,0.05128205128205128,0.9795918367346939,0.041666666666666664,0.006666666666666672,0.08175675675675675,0.6920000000000001,0.45454545454545453,0.0,0.16897654584221747,1,3,1
0.8780487804878049,0.5116796440489433,0.8599999999999999,0.28205128205128205,0.8775510204081632,0.041666666666666664,0.8266666666666667,0.7439189189189189,0.11600000000000002,0.9090909090909091,1.0,0.287046908315565,1,2,3
0.8292682926829268,0.4382647385984427,0.18000000000000016,0.15384615384615385,0.8775510204081632,0.375,0.5933333333333333,0.48445945945945945,0.664,0.0,0.3333333333333333,0.5087953091684434,0,2,2
0.9512195121951219,0.4271412680756396,0.2400000000000002,0.6410256410256411,0.5918367346938775,0.08333333333333333,0.34,0.2527027027027027,0.868,0.22727272727272727,0.6666666666666666,0.4677505330490405,0,2,2
0.5121951219512195,0.17130144605116793,0.20000000000000018,0.8205128205128205,0.32653061224489793,0.9166666666666666,0.6266666666666666,0.45675675675675675,0.652,0.04545454545454549,0.3333333333333333,0.2484008528784648,0,1,2
0.6341463414634146,0.2413793103448276,0.10000000000000009,0.9230769230769231,0.1836734693877551,0.6666666666666666,0.6066666666666666,0.34864864864864864,0.924,0.5,0.6666666666666666,0.35607675906183367,0,2,2
0.8292682926829268,0.5061179087875417,0.6400000000000001,0.358974358974359,0.6938775510204082,0.2916666666666667,0.8533333333333334,0.7121621621621622,0.196,0.9090909090909091,0.6666666666666666,0.35954157782515983,1,3,3
0.0,0.5294771968854282,0.8599999999999999,0.02564102564102564,0.3877551020408163,0.9166666666666666,0.8133333333333334,0.6837837837837838,0.07600000000000001,0.9090909090909091,0.6666666666666666,0.29850746268656714,1,1,3
0.8292682926829268,0.4716351501668521,0.43999999999999995,0.15384615384615385,0.3469387755102041,0.125,0.34,0.2581081081081081,0.576,0.5454545454545455,0.6666666666666666,0.4139125799573561,1,2,2
0.8780487804878049,0.30033370411568405,0.3599999999999999,0.7948717948717948,0.8979591836734694,0.5416666666666666,0.03333333333333336,0.09662162162162162,0.42,0.5909090909090908,0.3333333333333333,0.3043710021321961,1,3,1
0.3170731707317073,0.02558398220244713,0.20000000000000018,0.07692307692307693,0.8775510204081632,0.8333333333333334,0.39333333333333337,0.3952702702702703,0.6040000000000001,0.18181818181818177,0.3333333333333333,0.11194029850746266,0,0,2
0.04878048780487805,0.474972191323693,0.98,0.48717948717948717,0.5306122448979592,0.375,0.7933333333333333,0.7121621621621622,0.184,0.9090909090909091,1.0,0.22814498933901914,1,1,3
0.0,0.5828698553948832,0.48,0.8974358974358975,0.9795918367346939,0.0,0.6066666666666666,0.6756756756756757,0.452,0.7272727272727273,0.0,0.4850746268656716,1,3,1
0.0975609756097561,0.25806451612903225,0.08000000000000007,0.7948717948717948,0.7142857142857143,0.125,0.3466666666666667,0.3290540540540541,0.78,0.409090909090909,0.6666666666666666,0.3819296375266524,0,0,2
0.6097560975609756,0.474972191323693,0.7000000000000002,0.6923076923076923,0.4489795918367347,0.0,0.48,0.375,0.728,0.7272727272727273,0.6666666666666666,0.3155650319829424,1,3,2
0.3170731707317073,0.518353726362625,0.52,0.3076923076923077,0.6326530612244898,0.6666666666666666,0.5266666666666667,0.518918918918919,0.7559999999999999,0.818181818181818,0.3333333333333333,0.41684434968017053,1,2,2
0.926829268292683,0.9955506117908787,0.8999999999999999,0.0,0.1836734693877551,0.6666666666666666,0.3333333333333333,0.22702702702702704,0.608,0.9090909090909091,0.0,0.5794243070362474,1,2,1
0.6341463414634146,0.6451612903225806,0.6600000000000001,0.8717948717948718,0.20408163265306123,0.25,0.52,0.35202702702702704,0.628,0.9090909090909091,0.6666666666666666,0.4514925373134328,1,0,2
0.1951219512195122,0.5139043381535039,0.3599999999999999,0.7435897435897436,0.7551020408163265,0.9166666666666666,0.98,0.9445945945945946,0.13200000000000003,0.9090909090909091,1.0,0.4856076759061833,1,2,3
0.34146341463414637,0.4293659621802001,0.2400000000000002,0.8974358974358975,0.10204081632653061,0.7916666666666666,0.52,0.3898648648648649,0.784,0.7272727272727273,0.3333333333333333,0.46988272921108737,1,3,1
0.34146341463414637,0.21134593993325917,0.31999999999999984,0.6153846153846154,0.8163265306122449,0.5833333333333334,0.006666666666666672,0.07094594594594594,0.84,0.13636363636363638,0.0,0.24227078891257994,0,0,1
0.6097560975609756,0.19243604004449383,0.5800000000000001,0.38461538461538464,0.9387755102040817,0.5,0.9866666666666667,0.7945945945945946,0.31200000000000006,0.5454545454545455,0.6666666666666666,0.1481876332622601,0,3,3
1.0,0.9154616240266963,0.7799999999999998,0.46153846153846156,0.673469387755102,0.041666666666666664,0.10666666666666669,0.1331081081081081,0.4040000000000001,0.7272727272727273,0.3333333333333333,0.5842217484008528,1,3,1
0.2926829268292683,0.503893214682981,0.8999999999999999,0.0,0.7142857142857143,0.75,0.7400000000000001,0.722972972972973,0.016000000000000014,0.9090909090909091,1.0,0.269456289978678,1,3,3
0.7560975609756098,0.05784204671857622,0.48,0.10256410256410256,0.7346938775510204,0.9583333333333334,0.49333333333333335,0.3831081081081081,0.8320000000000001,0.27272727272727276,0.3333333333333333,0.06956289978678036,0,2,2
0.926829268292683,0.1735261401557286,0.8399999999999999,0.5384615384615384,0.32653061224489793,0.5,0.12000000000000004,0.10472972972972973,0.7759999999999999,0.7727272727272727,0.3333333333333333,0.07356076759061833,1,2,1
0.7560975609756098,0.47608453837597325,0.8999999999999999,0.5897435897435898,0.7959183673469388,0.9583333333333334,0.94,0.8108108108108109,0.17200000000000004,0.9090909090909091,1.0,0.2521321961620469,1,3,3
0.07317073170731707,0.9477196885428253,0.31999999999999984,0.9230769230769231,0.7959183673469388,0.4166666666666667,0.5866666666666666,0.6108108108108108,0.792,0.8636363636363635,0.3333333333333333,0.8824626865671641,1,1,2
0.7073170731707317,0.2057842046718576,0.5800000000000001,0.8974358974358975,0.22448979591836735,0.875,0.6133333333333333,0.3608108108108108,0.812,0.409090909090909,0.6666666666666666,0.15831556503198296,0,3,2
0.8780487804878049,0.5127919911012235,0.8999999999999999,0.8974358974358975,0.40816326530612246,0.5833333333333334,0.4466666666666666,0.34324324324324323,0.716,0.8636363636363635,0.0,0.27505330490405117,1,3,1
0.5365853658536586,0.26140155728587317,0.2200000000000002,0.07692307692307693,0.7959183673469388,0.375,0.54,0.49864864864864866,0.9359999999999999,0.04545454545454549,0.3333333333333333,0.32462686567164173,0,0,2
0.926829268292683,0.32591768631813123,0.3599999999999999,0.8974358974358975,0.3673469387755102,0.3333333333333333,0.10666666666666669,0.1,0.66,0.27272727272727276,0.0,0.3259594882729211,1,3,1
0.34146341463414637,0.339265850945495,0.2400000000000002,0.4358974358974359,0.04081632653061224,0.3333333333333333,0.49333333333333335,0.30608108108108106,0.736,0.13636363636363638,0.0,0.38752665245202556,0,2,1
0.6829268292682927,0.2235817575083426,0.2999999999999998,0.38461538461538464,0.3469387755102041,0.7916666666666666,0.7933333333333333,0.49932432432432433,0.29200000000000004,0.5454545454545455,0.6666666666666666,0.26012793176972276,0,0,3
0.8536585365853658,0.6017797552836484,0.8999999999999999,0.4358974358974359,0.3673469387755102,0.0,0.26,0.20608108108108109,0.7440000000000001,0.9090909090909091,0.3333333333333333,0.33128997867803833,1,1,1
0.2926829268292683,0.4360400444938821,0.2400000000000002,0.5384615384615384,0.9387755102040817,0.6666666666666666,0.5066666666666667,0.5020270270270271,0.72,0.45454545454545453,0.6666666666666666,0.4760127931769722,0,0,2
0.7560975609756098,0.8375973303670744,0.8199999999999998,0.02564102564102564,0.10204081632653061,0.4583333333333333,0.5866666666666666,0.3722972972972973,0.768,0.7727272727272727,0.0,0.5141257995735607,1,1,1
0.14634146341463414,0.2547274749721913,0.5800000000000001,0.5128205128205128,0.30612244897959184,0.375,0.6133333333333333,0.44256756756756754,0.6920000000000001,0.36363636363636354,0.6666666666666666,0.1948294243070362,0,0,2
0.5121951219512195,0.2447163515016685,0.2799999999999998,0.8974358974358975,0.14285714285714285,0.16666666666666666,0.3133333333333333,0.2533783783783784,0.7,0.7727272727272727,0.3333333333333333,0.2859808102345416,1,0,1
0.6585365853658537,0.5394883203559511,0.56,0.9743589743589743,0.9591836734693877,0.7083333333333334,0.6866666666666666,0.65,0.12799999999999997,0.9090909090909091,0.6666666666666666,0.41604477611940294,1,1,3
0.024390243902439025,0.37708565072302563,0.54,0.9743589743589743,0.3469387755102041,0.5833333333333334,0.52,0.3878378378378378,0.9,0.5,0.3333333333333333,0.30037313432835816,0,2,2
1.0,0.11457174638487204,0.8999999999999999,0.717948717948718,0.9591836734693877,0.20833333333333334,0.38000000000000006,0.3932432432432432,0.576,0.8636363636363635,0.3333333333333333,0.024253731343283583,1,2,1
0.12195121951219512,0.47942157953281417,0.6000000000000001,0.6410256410256411,0.8571428571428571,0.25,0.1333333333333333,0.2168918918918919,0.772,0.7272727272727273,0.3333333333333333,0.355277185501066,1,2,1
0.6585365853658537,0.2791991101223581,0.56,0.5128205128205128,0.7755102040816326,0.6666666666666666,0.64,0.4966216216216216,0.852,0.36363636363636354,0.3333333333333333,0.21934968017057568,0,0,1
0.6585365853658537,0.07341490545050057,0.5800000000000001,0.41025641025641024,0.9795918367346939,0.20833333333333334,0.64,0.6155405405405405,0.5159999999999999,0.409090909090909,0.3333333333333333,0.05916844349680167,1,3,2
0.4634146341463415,0.7063403781979978,0.7799999999999998,0.38461538461538464,0.9795918367346939,0.2916666666666667,0.02666666666666669,0.13243243243243244,0.6559999999999999,0.7272727272727273,0.0,0.4437633262260127,1,0,1
0.7073170731707317,0.24360400444938818,0.08000000000000007,0.7692307692307693,0.22448979591836735,0.4583333333333333,0.9666666666666667,0.5722972972972973,0.25599999999999995,0.5454545454545455,0.6666666666666666,0.36727078891257997,0,3,3
0.24390243902439024,0.13348164627363737,0.2200000000000002,0.20512820512820512,0.8979591836734694,0.8333333333333334,0.5466666666666667,0.5263513513513514,0.716,0.22727272727272727,0.3333333333333333,0.20628997867803833,0,3,2
0.6585365853658537,0.8164627363737487,0.41999999999999993,0.7692307692307693,0.1836734693877551,0.5416666666666666,0.21999999999999997,0.15337837837837837,0.56,0.36363636363636354,0.0,0.7052238805970149,1,2,1
0.5853658536585366,0.2547274749721913,0.96,0.3333333333333333,0.12244897959183673,0.4583333333333333,0.6133333333333333,0.3939189189189189,0.74,0.8636363636363635,0.6666666666666666,0.0991471215351812,1,3,2
0.926829268292683,0.004449388209121229,0.6000000000000001,0.9230769230769231,0.9183673469387755,0.9166666666666666,0.48666666666666664,0.41216216216216217,0.8,0.27272727272727276,0.6666666666666666,0.003997867803837962,0,0,2
0.7804878048780488,0.3014460511679643,0.5,0.02564102564102564,0.0,0.375,0.11333333333333336,0.03986486486486487,0.872,0.5454545454545455,0.3333333333333333,0.2555970149253731,0,0,1
0.0,0.3337041156840934,0.2200000000000002,0.3333333333333333,0.9795918367346939,0.875,0.5333333333333333,0.6067567567567568,0.5559999999999999,0.45454545454545453,0.0,0.39152452025586354,1,2,1
0.6341463414634146,0.32814238042269184,0.5,0.8205128205128205,0.7142857142857143,0.7916666666666666,0.3466666666666667,0.2756756756756757,0.7040000000000001,0.27272727272727276,0.3333333333333333,0.2763859275053305,0,1,1
0.2926829268292683,0.7552836484983315,0.31999999999999984,0.8717948717948718,0.40816326530612246,0.5833333333333334,0.3866666666666667,0.35743243243243245,0.78,0.5909090909090908,0.3333333333333333,0.7153518123667376,1,0,2
0.975609756097561,0.7675194660734148,0.8199999999999998,0.9743589743589743,0.7346938775510204,0.25,0.66,0.572972972972973,0.64,0.31818181818181823,0.3333333333333333,0.4680170575692963,1,3,2
0.04878048780487805,0.67853170189099,0.8199999999999998,0.48717948717948717,0.46938775510204084,0.3333333333333333,0.5733333333333334,0.5182432432432432,0.772,0.5454545454545455,0.3333333333333333,0.4096481876332623,1,0,2
0.926829268292683,0.5394883203559511,0.7000000000000002,0.02564102564102564,0.4897959183673469,0.375,0.7133333333333334,0.5513513513513514,0.04,0.9090909090909091,0.6666666666666666,0.3608742004264392,1,0,3
0.12195121951219512,0.4549499443826474,0.6000000000000001,0.46153846153846156,0.12244897959183673,0.375,0.7000000000000001,0.5209459459459459,0.027999999999999973,0.9090909090909091,0.6666666666666666,0.3371535181236673,1,0,3
0.17073170731707318,0.03448275862068967,0.2400000000000002,0.9230769230769231,0.8367346938775511,0.625,0.36000000000000004,0.3608108108108108,0.9440000000000001,0.13636363636363638,0.6666666666666666,0.10927505330490409,0,1,2
0.6341463414634146,0.21245828698553948,0.040000000000000036,0.4358974358974359,0.32653061224489793,0.25,0.7200000000000001,0.4486486486486487,0.33599999999999997,0.5454545454545455,1.0,0.353411513859275,0,3,3
0.1951219512195122,0.1557285873192436,0.06000000000000005,0.38461538461538464,0.5714285714285714,0.16666666666666666,0.4266666666666666,0.3655405405405405,0.6759999999999999,0.09090909090909088,0.3333333333333333,0.2865138592750533,0,2,1
0.8780487804878049,0.35928809788654054,0.56,0.07692307692307693,0.5918367346938775,0.9166666666666666,0.5133333333333333,0.37094594594594593,0.708,0.13636363636363638,0.0,0.2798507462686567,0,0,1
0.7804878048780488,0.12347052280311457,0.96,0.28205128205128205,0.12244897959183673,0.08333333333333333,0.28,0.1831081081081081,0.72,0.409090909090909,0.0,0.018923240938166285,1,3,1
1.0,0.5494994438264739,0.43999999999999995,0.717948717948718,0.6530612244897959,0.7083333333333334,0.3866666666666667,0.34459459459459457,0.58,0.7727272727272727,0.3333333333333333,0.4770788912579957,1,3,1
0.5609756097560976,0.12791991101223582,0.6000000000000001,0.15384615384615385,0.12244897959183673,0.4166666666666667,0.39333333333333337,0.25472972972972974,0.6679999999999999,0.27272727272727276,0.6666666666666666,0.09541577825159914,1,2,2
0.34146341463414637,0.5328142380422692,0.7599999999999998,0.3333333333333333,0.46938775510204084,0.5833333333333334,0.68,0.6027027027027027,0.06399999999999999,0.9090909090909091,1.0,0.3344882729211087,1,0,3
0.7560975609756098,0.022246941045606226,0.040000000000000036,0.28205128205128205,0.20408163265306123,0.8333333333333334,0.4000000000000001,0.2304054054054054,0.752,0.31818181818181823,0.3333333333333333,0.156183368869936,0,1,1
0.7560975609756098,0.4360400444938821,0.43999999999999995,0.8717948717948718,0.16326530612244897,0.7916666666666666,0.64,0.42027027027027025,0.7959999999999999,0.818181818181818,0.3333333333333333,0.38512793176972276,1,3,1
0.5609756097560976,0.2758620689655172,0.41999999999999993,0.10256410256410256,0.22448979591836735,0.16666666666666666,0.4666666666666666,0.32094594594594594,0.5,0.5909090909090908,0.3333333333333333,0.26226012793176967,1,2,2
0.975609756097561,0.25583982202447164,0.56,0.41025641025641024,0.6938775510204082,0.9583333333333334,0.7200000000000001,0.5351351351351351,0.3,0.5454545454545455,0.6666666666666666,0.20149253731343278,0,1,3
0.2682926829268293,0.18020022246941048,0.54,0.7948717948717948,0.061224489795918366,0.4583333333333333,0.12000000000000004,0.0777027027027027,0.9359999999999999,0.5,0.3333333333333333,0.1497867803837953,0,3,1
0.926829268292683,0.14349276974416014,0.2799999999999998,0.23076923076923078,0.7142857142857143,0.125,0.4000000000000001,0.31351351351351353,0.696,0.36363636363636354,0.3333333333333333,0.1958955223880597,0,0,2
0.024390243902439025,0.10011123470522802,0.3799999999999999,0.41025641025641024,0.5510204081632653,0.5833333333333334,0.3666666666666667,0.3168918918918919,0.768,0.409090909090909,0.3333333333333333,0.12899786780383793,0,3,1
0.04878048780487805,0.9810901001112345,0.6800000000000002,0.10256410256410256,0.24489795918367346,0.3333333333333333,0.21999999999999997,0.20270270270270271,0.648,0.36363636363636354,0.3333333333333333,0.6809701492537312,1,1,1
0.8780487804878049,0.4849833147942157,0.7200000000000002,0.20512820512820512,0.4489795918367347,0.25,0.6933333333333334,0.5263513513513514,0.09600000000000002,0.9090909090909091,1.0,0.3155650319829424,1,1,3
0.3902439024390244,0.18020022246941048,0.54,0.8205128205128205,0.3673469387755102,0.375,0.8733333333333334,0.6391891891891892,0.29200000000000004,0.5454545454545455,1.0,0.1497867803837953,0,0,3
0.024390243902439025,0.5317018909899888,0.56,0.8974358974358975,0.8367346938775511,0.9166666666666666,0.52,0.5608108108108109,0.544,0.818181818181818,0.0,0.410181236673774,1,0,1
0.024390243902439025,0.510567296996663,0.7000000000000002,0.8974358974358975,0.7346938775510204,0.5,0.7733333333333333,0.7574324324324324,0.11600000000000002,0.9090909090909091,0.6666666666666666,0.3406183368869936,1,2,3
0.6585365853658537,0.12347052280311457,0.7400000000000002,0.4358974358974359,0.7755102040816326,0.2916666666666667,0.6266666666666666,0.5560810810810811,0.648,0.8636363636363635,0.6666666666666666,0.06103411513859272,1,0,2
0.5365853658536586,0.19354838709677416,0.41999999999999993,0.20512820512820512,0.46938775510204084,0.4583333333333333,0.9133333333333334,0.6986486486486486,0.332,0.5454545454545455,1.0,0.1948294243070362,0,2,3
0.8780487804878049,0.8331479421579533,0.8399999999999999,0.717948717948718,0.30612244897959184,0.875,0.4666666666666666,0.33716216216216216,0.428,0.5,0.6666666666666666,0.5023987206823027,1,1,2
0.7560975609756098,0.24582869855394884,0.31999999999999984,0.3333333333333333,0.6530612244897959,0.9583333333333334,0.5800000000000001,0.4283783783783784,0.852,0.13636363636363638,0.3333333333333333,0.2723880597014925,0,1,2
0.7804878048780488,0.19021134593993327,0.8199999999999998,0.6153846153846154,0.22448979591836735,0.75,0.39333333333333337,0.27297297297297296,0.78,0.5454545454545455,0.6666666666666666,0.08875266524520255,1,3,2
0.0,0.31256952169076746,0.6000000000000001,0.358974358974359,0.673469387755102,0.0,0.4000000000000001,0.4209459459459459,0.616,0.818181818181818,0.6666666666666666,0.23187633262260124,1,3,2
0.43902439024390244,0.324805339265851,0.2999999999999998,0.1282051282051282,0.12244897959183673,0.625,0.48666666666666664,0.37094594594594593,0.688,0.5454545454545455,0.3333333333333333,0.34914712153518124,1,2,1
0.024390243902439025,0.2803114571746385,0.040000000000000036,0.717948717948718,0.20408163265306123,0.875,0.48666666666666664,0.3358108108108108,0.8240000000000001,0.409090909090909,0.3333333333333333,0.42377398720682297,0,0,1
0.6097560975609756,0.7630700778642936,0.45999999999999996,0.358974358974359,0.6122448979591837,0.6666666666666666,0.5533333333333333,0.46283783783783783,0.74,0.31818181818181823,0.0,0.6388592750533049,1,0,1
0.7560975609756098,0.0,0.2999999999999998,0.717948717948718,0.5714285714285714,1.0,0.35333333333333333,0.2587837837837838,0.9719999999999999,0.45454545454545453,0.3333333333333333,0.06316631130063963,0,3,2
0.12195121951219512,0.0211345939933259,0.16000000000000014,0.07692307692307693,0.24489795918367346,0.7083333333333334,0.040000000000000036,0.04527027027027027,0.672,0.13636363636363638,0.3333333333333333,0.11886993603411515,0,1,1
0.7560975609756098,0.31479421579532807,0.040000000000000036,0.4358974358974359,0.6122448979591837,0.4166666666666667,0.6333333333333333,0.45675675675675675,0.7759999999999999,0.13636363636363638,0.6666666666666666,0.45948827292110866,0,2,2
0.07317073170731707,0.5383759733036708,0.20000000000000018,0.9743589743589743,0.02040816326530612,0.7083333333333334,0.8066666666666666,0.5641891891891891,0.08,0.9090909090909091,0.6666666666666666,0.5919509594882729,1,1,3
0.24390243902439024,0.28921023359288095,0.7999999999999998,0.38461538461538464,0.7755102040816326,0.25,0.4533333333333333,0.48783783783783785,0.5640000000000001,0.6818181818181818,0.3333333333333333,0.15884861407249468,1,1,1
0.3902439024390244,0.3548387096774194,0.2799999999999998,0.2564102564102564,0.2857142857142857,0.7083333333333334,0.5066666666666667,0.422972972972973,0.452,0.27272727272727276,0.6666666666666666,0.38406183368869934,1,0,2
0.9024390243902439,0.3959955506117908,0.41999999999999993,0.3333333333333333,0.20408163265306123,0.2916666666666667,0.35333333333333333,0.24324324324324326,0.7240000000000001,0.22727272727272727,0.6666666666666666,0.36060767590618337,1,2,2
0.5609756097560976,0.26028921023359286,0.18000000000000016,0.05128205128205128,0.673469387755102,0.20833333333333334,0.8933333333333334,0.6513513513513514,0.20799999999999996,0.5454545454545455,1.0,0.3400852878464818,0,1,3
0.0975609756097561,0.35150166852057835,0.54,0.9487179487179487,0.7755102040816326,0.25,0.66,0.5905405405405405,0.812,0.13636363636363638,0.3333333333333333,0.2806503198294243,0,3,1
0.8048780487804879,0.19354838709677416,0.54,0.4358974358974359,0.061224489795918366,0.9166666666666666,0.3866666666666667,0.19932432432432431,0.8640000000000001,0.27272727272727276,0.6666666666666666,0.1599147121535181,0,3,2
0.12195121951219512,0.48720800889877636,0.98,0.48717948717948717,0.20408163265306123,0.875,0.86,0.6601351351351351,0.04,0.9090909090909091,0.6666666666666666,0.23560767590618334,1,0,3
0.5121951219512195,0.1768631813125695,0.41999999999999993,0.6153846153846154,0.5714285714285714,0.375,0.9666666666666667,0.7702702702702703,0.38,0.5454545454545455,1.0,0.18123667377398722,0,3,3
0.24390243902439024,0.5228031145717463,0.52,0.9487179487179487,0.02040816326530612,0.4166666666666667,0.4666666666666666,0.33513513513513515,0.736,0.9090909090909091,0.3333333333333333,0.42030916844349675,1,3,2
0.36585365853658536,0.28142380422691876,0.41999999999999993,0.3076923076923077,0.30612244897959184,1.0,0.4533333333333333,0.3331081081081081,0.7879999999999999,0.45454545454545453,0.6666666666666666,0.2667910447761193,0,1,2
0.7804878048780488,0.0600667408231368,0.33999999999999986,0.07692307692307693,0.7755102040816326,0.5,0.5800000000000001,0.518918918918919,0.5640000000000001,0.5909090909090908,0.6666666666666666,0.10554371002132197,1,3,2
0.1951219512195122,0.5239154616240266,0.7400000000000002,0.3333333333333333,0.24489795918367346,0.3333333333333333,0.8066666666666666,0.6337837837837837,0.04799999999999997,0.9090909090909091,0.6666666666666666,0.33555437100213215,1,3,3
0.12195121951219512,0.4293659621802001,0.45999999999999996,0.8205128205128205,0.7346938775510204,0.25,0.6466666666666666,0.5702702702702702,0.8919999999999999,0.0,0.6666666666666666,0.3715351812366738,0,1,2
0.36585365853658536,0.42269187986651835,0.41999999999999993,0.6923076923076923,0.32653061224489793,0.3333333333333333,0.3866666666666667,0.29121621621621624,0.652,0.27272727272727276,0.3333333333333333,0.3824626865671642,0,0,1
0.6829268292682927,0.20022246941045604,0.06000000000000005,0.9230769230769231,0.40816326530612246,0.5,0.8866666666666667,0.5743243243243243,0.33599999999999997,0.5454545454545455,0.6666666666666666,0.332089552238806,0,0,3
0.04878048780487805,0.34816462736373743,0.3799999999999999,0.1794871794871795,0.8775510204081632,0.08333333333333333,0.52,0.5,0.9359999999999999,0.36363636363636354,0.3333333333333333,0.3368869936034115,0,2,2
0.4634146341463415,0.10122358175750835,0.48,0.8461538461538461,0.3673469387755102,0.08333333333333333,0.40666666666666673,0.3641891891891892,0.49200000000000005,0.5,0.3333333333333333,0.10394456289978674,1,3,2
0.8536585365853658,0.4260289210233592,0.2999999999999998,0.10256410256410256,0.12244897959183673,0.0,0.49333333333333335,0.2702702702702703,0.9480000000000001,0.04545454545454549,0.3333333333333333,0.43816631130063965,0,1,1
0.43902439024390244,0.19243604004449383,0.2799999999999998,0.10256410256410256,0.7551020408163265,0.8333333333333334,0.41999999999999993,0.3945945945945946,0.612,0.13636363636363638,0.6666666666666666,0.23933901918976544,0,2,2
0.6097560975609756,0.09343715239154614,0.2200000000000002,0.7692307692307693,0.14285714285714285,0.7916666666666666,0.52,0.28986486486486485,0.9640000000000001,0.409090909090909,0.0,0.16924307036247338,0,0,1
0.04878048780487805,0.4048943270300334,0.2400000000000002,0.20512820512820512,0.24489795918367346,0.041666666666666664,0.5666666666666668,0.4574324324324324,0.44799999999999995,0.5,0.6666666666666666,0.4474946695095948,1,0,2
0.43902439024390244,0.7808676307007786,0.54,0.7948717948717948,0.7346938775510204,1.0,0.45999999999999996,0.4851351351351351,0.66,0.8636363636363635,0.0,0.609275053304904,1,1,1
0.4634146341463415,0.36596218020022253,0.52,0.8205128205128205,0.02040816326530612,0.08333333333333333,0.47333333333333333,0.28986486486486485,0.7,0.18181818181818177,0.3333333333333333,0.298773987206823,0,2,2
0.7560975609756098,0.468298109010011,0.7200000000000002,0.05128205128205128,0.8163265306122449,0.5833333333333334,0.9133333333333334,0.7959459459459459,0.16799999999999998,0.9090909090909091,0.6666666666666666,0.30410447761194026,1,2,3
0.14634146341463414,0.21023359288097884,0.52,0.7435897435897436,0.20408163265306123,0.9583333333333334,0.08666666666666667,0.0722972972972973,0.804,0.09090909090909088,0.3333333333333333,0.17830490405117272,0,1,1
0.975609756097561,0.4694104560622914,0.7400000000000002,0.28205128205128205,0.46938775510204084,0.20833333333333334,0.7133333333333334,0.5459459459459459,0.027999999999999973,0.9090909090909091,0.6666666666666666,0.2982409381663113,1,1,3
0.7804878048780488,0.6307007786429366,0.43999999999999995,0.717948717948718,0.10204081632653061,0.5,0.64,0.40540540540540543,0.628,0.5454545454545455,0.3333333333333333,0.5429104477611939,1,2,2
0.9512195121951219,0.460511679644049,0.7200000000000002,0.05128205128205128,0.5102040816326531,0.8333333333333334,0.8666666666666667,0.6682432432432432,0.08,0.9090909090909091,1.0,0.298773987206823,1,0,3
0.926829268292683,0.754171301446051,0.45999999999999996,0.6410256410256411,0.12244897959183673,0.0,0.39333333333333337,0.25472972972972974,0.664,0.5909090909090908,0.3333333333333333,0.6316631130063967,1,3,2
0.4146341463414634,0.2869855394883203,0.2400000000000002,0.7435897435897436,0.7755102040816326,0.7916666666666666,0.3333333333333333,0.3290540540540541,0.9519999999999998,0.0,0.6666666666666666,0.33981876332622596,0,0,2
0.9512195121951219,0.31701890989988873,0.1200000000000001,0.20512820512820512,0.3673469387755102,0.75,0.6333333333333333,0.40337837837837837,0.764,0.04545454545454549,0.6666666666666666,0.4219083155650319,0,1,2
0.0,0.2658509454949944,0.18000000000000016,0.6410256410256411,0.10204081632653061,0.0,0.9133333333333334,0.5851351351351352,0.25599999999999995,0.5454545454545455,0.6666666666666666,0.34541577825159914,0,2,3
0.24390243902439024,0.403781979977753,0.2400000000000002,0.02564102564102564,0.8571428571428571,0.8333333333333334,0.43999999999999995,0.4939189189189189,0.4040000000000001,0.36363636363636354,0.3333333333333333,0.4464285714285714,1,2,2
0.6585365853658537,0.05005561735261401,0.2999999999999998,0.05128205128205128,0.5714285714285714,0.875,0.6266666666666666,0.44324324324324327,0.828,0.04545454545454549,0.3333333333333333,0.10740938166311302,0,3,1
0.5853658536585366,0.11902113459399336,0.5,0.07692307692307693,0.8571428571428571,0.041666666666666664,0.5266666666666667,0.4304054054054054,0.76,0.18181818181818177,0.3333333333333333,0.11300639658848609,0,2,2
0.5365853658536586,0.16796440489432704,0.2200000000000002,0.6153846153846154,0.7755102040816326,0.5833333333333334,0.7000000000000001,0.6222972972972973,0.27599999999999997,0.5454545454545455,0.6666666666666666,0.23827292110874201,0,3,3
0.7317073170731707,0.37486095661846497,0.2200000000000002,0.3076923076923077,0.02040816326530612,0.5416666666666666,0.5733333333333334,0.34594594594594597,0.47200000000000003,0.9545454545454545,0.6666666666666666,0.4293710021321961,1,0,2
0.7073170731707317,0.1735261401557286,0.54,0.9743589743589743,0.3673469387755102,0.75,0.4666666666666666,0.3493243243243243,0.5720000000000001,0.6363636363636362,0.6666666666666666,0.14472281449893387,1,0,2
1.0,0.5216907675194661,0.52,0.8717948717948718,0.061224489795918366,0.4166666666666667,0.41999999999999993,0.26013513513513514,0.792,0.7272727272727273,0.3333333333333333,0.4192430703624733,1,2,2
0.8292682926829268,0.2258064516129032,0.3599999999999999,0.5641025641025641,0.10204081632653061,0.5833333333333334,0.7333333333333334,0.40337837837837837,0.26,0.5454545454545455,0.6666666666666666,0.2409381663113006,0,2,3
0.14634146341463414,0.004449388209121229,0.2799999999999998,0.20512820512820512,0.9795918367346939,0.20833333333333334,0.32666666666666666,0.35743243243243245,0.84,0.18181818181818177,0.0,0.07196162046908314,0,1,1
0.36585365853658536,0.4282536151279199,0.31999999999999984,0.02564102564102564,0.7346938775510204,0.7916666666666666,0.5266666666666667,0.475,0.9119999999999999,0.18181818181818177,0.6666666666666666,0.4309701492537313,0,1,2
0.6097560975609756,0.6963292547274749,0.43999999999999995,0.7692307692307693,0.5510204081632653,0.3333333333333333,0.2133333333333333,0.19864864864864865,0.7,0.22727272727272727,0.0,0.5959488272921108,1,2,1
0.024390243902439025,0.7875417130144604,0.8199999999999998,0.02564102564102564,0.5918367346938775,0.16666666666666666,0.54,0.5209459459459459,0.532,0.6363636363636362,0.0,0.48107675906183367,1,2,1
0.0,0.23248053392658508,0.5800000000000001,0.7948717948717948,0.12244897959183673,0.7916666666666666,0.40666666666666673,0.26756756756756755,0.8440000000000001,0.27272727272727276,0.0,0.17830490405117272,0,0,1
0.2682926829268293,0.17463848720800892,0.2200000000000002,0.4358974358974359,0.16326530612244897,0.041666666666666664,0.6066666666666666,0.46621621621621623,0.748,0.36363636363636354,0.3333333333333333,0.2444029850746268,1,2,1
0.0975609756097561,0.7842046718576196,0.8399999999999999,0.3076923076923077,0.4897959183673469,0.20833333333333334,0.43999999999999995,0.41621621621621624,0.408,0.818181818181818,0.3333333333333333,0.47068230277185497,1,1,2
0.8780487804878049,0.16907675194660737,0.41999999999999993,0.10256410256410256,0.6530612244897959,0.7083333333333334,0.18000000000000002,0.1864864864864865,0.576,0.5909090909090908,0.0,0.17484008528784642,1,0,1
0.7560975609756098,0.07230255839822024,0.43999999999999995,0.23076923076923078,0.0,0.9166666666666666,0.6,0.35743243243243245,0.488,0.5,0.6666666666666666,0.09061833688699361,1,3,2
0.1951219512195122,0.34371523915461627,0.31999999999999984,0.6153846153846154,0.10204081632653061,0.75,0.2066666666666667,0.13716216216216215,0.7559999999999999,0.09090909090909088,0.3333333333333333,0.357409381663113,0,1,1
0.975609756097561,0.38487208008898766,0.5,0.8461538461538461,0.3469387755102041,0.3333333333333333,0.39333333333333337,0.2945945945945946,0.568,0.6363636363636362,0.0,0.32089552238805963,1,1,1
0.8292682926829268,0.056729699666295895,0.43999999999999995,0.9230769230769231,0.1836734693877551,0.8333333333333334,0.2866666666666667,0.1966216216216216,0.7,0.818181818181818,0.0,0.07782515991471214,1,0,1
0.43902439024390244,0.6662958843159066,0.98,0.7435897435897436,0.5510204081632653,0.9583333333333334,0.5533333333333333,0.5216216216216216,0.43599999999999994,0.45454545454545453,0.3333333333333333,0.3440831556503198,1,3,1
0.36585365853658536,0.8565072302558397,0.2200000000000002,0.15384615384615385,0.20408163265306123,0.20833333333333334,0.36000000000000004,0.297972972972973,0.6040000000000001,0.409090909090909,0.3333333333333333,0.8747334754797441,1,1,2
0.04878048780487805,0.39933259176863184,0.45999999999999996,0.1282051282051282,0.6530612244897959,0.5416666666666666,0.5933333333333333,0.5087837837837837,0.8240000000000001,0.27272727272727276,0.6666666666666666,0.347547974413646,0,2,2
0.4634146341463415,0.3470522803114572,0.2799999999999998,0.05128205128205128,0.0,0.9583333333333334,0.40666666666666673,0.24527027027027026,0.7959999999999999,0.09090909090909088,0.3333333333333333,0.37713219616204685,0,1,2
0.5609756097560976,0.4315906562847608,0.43999999999999995,0.3076923076923077,0.24489795918367346,0.5,0.34,0.24121621621621622,0.6920000000000001,0.7272727272727273,0.6666666666666666,0.38166311300639655,1,0,2
0.7804878048780488,0.11790878754171302,0.3799999999999999,0.05128205128205128,0.7346938775510204,0.4166666666666667,0.54,0.47905405405405405,0.552,0.6818181818181818,0.0,0.14392324093816627,1,0,1
0.5609756097560976,0.47274749721913234,0.5800000000000001,0.6410256410256411,0.3877551020408163,0.4583333333333333,0.7933333333333333,0.581081081081081,0.18799999999999997,0.9090909090909091,0.6666666666666666,0.3579424307036247,1,0,3
0.24390243902439024,0.7619577308120133,0.5800000000000001,0.5897435897435898,0.0,0.75,0.5533333333333333,0.3885135135135135,0.5920000000000001,0.27272727272727276,0.6666666666666666,0.57409381663113,1,1,2
0.17073170731707318,0.1101223581757508,0.96,0.1282051282051282,0.04081632653061224,0.75,0.4333333333333333,0.3168918918918919,0.628,0.27272727272727276,0.3333333333333333,0.010927505330490408,1,3,2
0.8536585365853658,0.9466073414905449,0.8199999999999998,0.28205128205128205,0.3469387755102041,0.8333333333333334,0.013333333333333345,0.033783783783783786,0.732,0.7272727272727273,0.0,0.5855543710021321,1,2,1
0.9024390243902439,0.44160177975528364,0.31999999999999984,0.8974358974358975,0.8163265306122449,0.75,0.37333333333333335,0.3108108108108108,0.7120000000000001,0.18181818181818177,0.0,0.44243070362473347,0,0,1
0.9512195121951219,0.9655172413793103,0.2599999999999998,0.02564102564102564,0.2653061224489796,0.9583333333333334,0.30666666666666664,0.2222972972972973,0.43200000000000005,0.27272727272727276,0.0,0.9434968017057568,1,3,1
0.4634146341463415,0.1624026696329255,0.14000000000000012,0.2564102564102564,0.6122448979591837,0.5,0.54,0.45878378378378376,0.884,0.409090909090909,0.3333333333333333,0.2619936034115138,0,2,1
0.8292682926829268,0.08676307007786425,0.08000000000000007,0.9743589743589743,0.5306122448979592,0.5416666666666666,0.56,0.3898648648648649,0.792,0.18181818181818177,0.3333333333333333,0.208955223880597,0,0,2
0.5853658536585366,0.6440489432703004,0.8199999999999998,0.8461538461538461,0.32653061224489793,0.9583333333333334,0.34,0.25472972972972974,0.76,0.5909090909090908,0.3333333333333333,0.38699360341151384,1,2,2
0.8292682926829268,0.25695216907675195,0.08000000000000007,0.6410256410256411,0.9183673469387755,0.7083333333333334,0.5733333333333334,0.4777027027027027,0.9919999999999999,0.13636363636363638,0.3333333333333333,0.38086353944562895,0,2,2
0.5853658536585366,0.36040044493882095,0.3799999999999999,0.4358974358974359,0.5714285714285714,0.4583333333333333,0.38000000000000006,0.27702702702702703,0.76,0.36363636363636354,0.3333333333333333,0.3472814498933902,0,3,2
0.6829268292682927,0.21023359288097884,0.3999999999999999,0.5128205128205128,0.7142857142857143,0.125,0.68,0.5114864864864865,0.28400000000000003,0.5454545454545455,0.6666666666666666,0.21481876332622596,0,2,3
0.4146341463414634,0.11568409343715237,0.20000000000000018,0.8974358974358975,0.7346938775510204,0.375,0.35333333333333333,0.33783783783783783,0.764,0.18181818181818177,0.6666666666666666,0.19642857142857145,0,0,2
0.4146341463414634,0.2691879866518354,0.18000000000000016,1.0,0.5102040816326531,0.6666666666666666,0.7533333333333333,0.5939189189189189,0.26400000000000007,0.5454545454545455,1.0,0.34834754797441364,0,3,3
0.024390243902439025,0.2091212458286985,0.54,0.5384615384615384,0.32653061224489793,0.125,0.6,0.43851351351351353,0.9119999999999999,0.5454545454545455,0.0,0.17190831556503194,0,1,1
0.8292682926829268,0.725250278086763,0.2400000000000002,0.7435897435897436,0.42857142857142855,0.4583333333333333,0.5733333333333334,0.43648648648648647,0.7040000000000001,0.7727272727272727,0.3333333333333333,0.7401385927505331,1,1,1
0.36585365853658536,0.06562847608453835,0.0,0.7435897435897436,0.4897959183673469,0.5,0.28,0.24256756756756756,0.792,0.09090909090909088,0.3333333333333333,0.21535181236673767,0,3,1
0.975609756097561,0.2803114571746385,0.2599999999999998,0.1794871794871795,0.02040816326530612,0.125,0.4133333333333334,0.20743243243243242,0.616,0.22727272727272727,0.3333333333333333,0.3256929637526652,0,1,2
0.8536585365853658,0.18131256952169073,0.5800000000000001,0.8461538461538461,0.42857142857142855,0.375,0.68,0.4466216216216216,0.26,0.5454545454545455,1.0,0.13992537313432835,0,2,3
0.7804878048780488,0.5561735261401557,0.3999999999999999,0.20512820512820512,0.08163265306122448,1.0,0.2066666666666667,0.13108108108108107,0.5159999999999999,0.5454545454545455,0.0,0.5015991471215352,1,0,1
0.07317073170731707,0.22246941045606228,0.3999999999999999,0.48717948717948717,0.061224489795918366,0.08333333333333333,0.98,0.6141891891891892,0.36400000000000005,0.5454545454545455,1.0,0.22494669509594883,0,2,3
0.7804878048780488,0.12791991101223582,0.41999999999999993,1.0,0.7142857142857143,0.5833333333333334,0.6533333333333333,0.5628378378378378,0.43599999999999994,0.6363636363636362,0.0,0.14099147121535177,1,3,1
0.3170731707317073,0.25695216907675195,0.2799999999999998,0.6153846153846154,0.10204081632653061,0.041666666666666664,0.6933333333333334,0.4452702702702703,0.36,0.5454545454545455,0.6666666666666666,0.296908315565032,0,0,3
0.4878048780487805,0.5728587319243603,0.54,0.46153846153846156,0.40816326530612246,1.0,0.20000000000000004,0.2114864864864865,0.6679999999999999,0.8636363636363635,0.0,0.4501599147121535,1,3,1
0.4634146341463415,0.09677419354838712,0.33999999999999986,0.10256410256410256,0.24489795918367346,1.0,0.5933333333333333,0.47702702702702704,0.6920000000000001,0.6818181818181818,0.0,0.13699360341151387,1,3,1
0.17073170731707318,0.1979977753058954,0.1200000000000001,0.2564102564102564,0.7346938775510204,0.6666666666666666,0.5666666666666668,0.5067567567567568,0.772,0.04545454545454549,0.3333333333333333,0.304637526652452,0,3,2
0.14634146341463414,0.022246941045606226,0.5,0.358974358974359,0.4897959183673469,0.20833333333333334,0.21999999999999997,0.19932432432432431,0.872,0.36363636363636354,0.3333333333333333,0.03704690831556504,0,2,1
0.04878048780487805,0.9833147942157954,0.8399999999999999,0.1794871794871795,0.5102040816326531,0.2916666666666667,0.08666666666666667,0.13445945945945945,0.644,0.22727272727272727,0.0,0.5999466950959488,1,0,1
0.3902439024390244,0.38042269187986655,0.14000000000000012,0.46153846153846156,0.7755102040816326,0.08333333333333333,0.6466666666666666,0.5797297297297297,0.9080000000000001,0.409090909090909,0.3333333333333333,0.47388059701492535,0,0,1
0.7804878048780488,0.5517241379310344,0.3599999999999999,0.5641025641025641,0.3877551020408163,1.0,0.86,0.6277027027027027,0.08799999999999997,0.9090909090909091,1.0,0.5178571428571428,1,0,3
0.2682926829268293,0.9555061179087876,1.0,0.6666666666666666,0.6530612244897959,0.7083333333333334,0.5733333333333334,0.5635135135135135,0.588,0.7272727272727273,0.6666666666666666,0.5106609808102345,1,2,2
0.5121951219512195,0.728587319243604,0.98,1.0,0.2653061224489796,0.875,0.2066666666666667,0.19594594594594594,0.6559999999999999,0.45454545454545453,0.0,0.38166311300639655,1,1,1
0.5121951219512195,0.5939933259176864,0.3999999999999999,0.7948717948717948,0.7142857142857143,0.0,0.4000000000000001,0.42905405405405406,0.44400000000000006,0.45454545454545453,0.6666666666666666,0.5330490405117271,1,2,2
0.7073170731707317,0.468298109010011,0.6800000000000002,0.6410256410256411,0.32653061224489793,0.625,0.5800000000000001,0.41824324324324325,0.576,0.8636363636363635,0.6666666666666666,0.3179637526652452,1,2,2
0.9024390243902439,0.03225806451612902,0.3799999999999999,0.6666666666666666,0.40816326530612246,0.25,0.26666666666666666,0.1783783783783784,0.9880000000000001,0.409090909090909,0.0,0.07196162046908314,0,3,1
0.9024390243902439,0.9833147942157954,0.3599999999999999,0.46153846153846156,0.9183673469387755,0.08333333333333333,0.41999999999999993,0.4189189189189189,0.4159999999999999,0.5,0.6666666666666666,0.8840618336886993,1,0,2
0.17073170731707318,0.8053392658509455,0.9199999999999999,0.717948717948718,0.30612244897959184,0.9166666666666666,0.6133333333333333,0.5074324324324324,0.528,0.45454545454545453,0.0,0.4514925373134328,1,0,1
0.6341463414634146,0.41935483870967744,0.5800000000000001,0.9743589743589743,0.9183673469387755,0.125,0.6066666666666666,0.5027027027027027,0.7240000000000001,0.31818181818181823,0.3333333333333333,0.3179637526652452,0,1,1
0.6341463414634146,0.5483870967741935,0.98,0.8205128205128205,0.30612244897959184,0.3333333333333333,0.6,0.4277027027027027,0.652,0.22727272727272727,0.6666666666666666,0.2726545842217484,1,1,2
0.8048780487804879,0.33704115684093433,0.10000000000000009,0.46153846153846156,0.3877551020408163,0.16666666666666666,0.6,0.38716216216216215,0.644,0.04545454545454549,0.3333333333333333,0.4514925373134328,0,3,1
0.4878048780487805,0.21245828698553948,0.43999999999999995,0.9230769230769231,0.5714285714285714,0.75,0.38000000000000006,0.3304054054054054,0.852,0.09090909090909088,0.3333333333333333,0.20415778251599145,0,0,2
0.7073170731707317,0.1101223581757508,0.3799999999999999,0.46153846153846156,0.5510204081632653,0.5833333333333334,0.6533333333333333,0.45675675675675675,0.64,0.09090909090909088,0.3333333333333333,0.13726012793176967,0,1,2
0.7804878048780488,0.6863181312569522,0.33999999999999986,0.8205128205128205,0.14285714285714285,0.2916666666666667,0.020000000000000018,0.02027027027027027,0.43599999999999994,0.6363636363636362,0.0,0.6436567164179103,1,1,1
0.6585365853658537,0.5895439377085651,0.8199999999999998,0.38461538461538464,0.46938775510204084,0.20833333333333334,0.35333333333333333,0.28783783783783784,0.6920000000000001,1.0,0.3333333333333333,0.3510127931769722,1,0,2
0.7804878048780488,0.5272525027808677,0.20000000000000018,0.5641025641025641,0.04081632653061224,0.7083333333333334,0.18000000000000002,0.10945945945945947,0.528,0.7272727272727273,0.0,0.5815565031982942,1,2,1
0.0975609756097561,0.16796440489432704,0.2200000000000002,0.15384615384615385,0.4897959183673469,0.75,0.7466666666666667,0.5831081081081081,0.39599999999999996,0.5454545454545455,0.6666666666666666,0.23827292110874201,0,1,3
0.43902439024390244,0.9310344827586207,0.3799999999999999,0.6410256410256411,0.3673469387755102,0.9583333333333334,0.5333333333333333,0.46216216216216216,0.4159999999999999,0.27272727272727276,0.6666666666666666,0.8259594882729211,1,0,2
0.07317073170731707,0.2369299221357063,0.14000000000000012,0.7948717948717948,0.6530612244897959,0.5833333333333334,0.96,0.7912162162162162,0.288,0.5454545454545455,0.6666666666666666,0.3344882729211087,0,1,3
0.8292682926829268,0.35928809788654054,0.8799999999999999,0.28205128205128205,0.02040816326530612,0.25,0.64,0.3858108108108108,0.44400000000000006,0.6363636363636362,0.3333333333333333,0.18363539445628999,1,3,2
0.3902439024390244,0.324805339265851,0.06000000000000005,0.1794871794871795,0.2857142857142857,0.375,0.5733333333333334,0.41081081081081083,0.74,0.27272727272727276,0.0,0.45948827292110866,0,1,1
0.6585365853658537,0.460511679644049,0.2200000000000002,0.10256410256410256,0.42857142857142855,0.20833333333333334,0.4266666666666666,0.3331081081081081,0.8,0.31818181818181823,0.6666666666666666,0.5085287846481875,1,0,2
0.7073170731707317,0.49833147942157946,0.7200000000000002,0.6923076923076923,0.1836734693877551,0.5416666666666666,0.9,0.5932432432432433,0.17600000000000002,0.9090909090909091,1.0,0.32489339019189767,1,1,3
0.6829268292682927,0.16796440489432704,0.43999999999999995,0.10256410256410256,0.3469387755102041,0.6666666666666666,0.62,0.4506756756756757,0.42,0.9545454545454545,0.3333333333333333,0.16791044776119404,1,3,2
0.12195121951219512,0.21134593993325917,0.56,0.6410256410256411,0.42857142857142855,0.3333333333333333,0.7799999999999999,0.5905405405405405,0.31200000000000006,0.5454545454545455,1.0,0.16791044776119404,0,3,3
0.8292682926829268,0.2769744160177976,0.020000000000000018,0.10256410256410256,0.9183673469387755,0.75,0.8866666666666667,0.7135135135135136,0.32799999999999996,0.5454545454545455,0.6666666666666666,0.43017057569296374,0,1,3
0.975609756097561,0.7753058954393771,0.5,0.5384615384615384,0.9795918367346939,0.16666666666666666,0.34,0.36283783783783785,0.48400000000000004,0.5454545454545455,0.0,0.6263326226012793,1,1,1
0.8780487804878049,0.4271412680756396,0.7999999999999998,0.358974358974359,0.5306122448979592,0.9166666666666666,0.2066666666666667,0.19054054054054054,0.46,1.0,0.0,0.25053304904051166,1,3,1
0.5609756097560976,0.40823136818687433,0.5800000000000001,0.3076923076923077,0.24489795918367346,0.25,0.6,0.35743243243243245,0.96,0.22727272727272727,0.6666666666666666,0.30970149253731344,0,3,2
0.6829268292682927,0.25695216907675195,0.2200000000000002,0.6923076923076923,0.6530612244897959,0.75,0.3333333333333333,0.2574324324324324,0.9880000000000001,0.31818181818181823,0.6666666666666666,0.3203624733475479,0,2,2
0.7317073170731707,0.2547274749721913,0.16000000000000014,0.8205128205128205,0.08163265306122448,0.7916666666666666,0.9866666666666667,0.5418918918918919,0.4,0.5454545454545455,0.6666666666666666,0.3432835820895522,0,2,3
0.8292682926829268,0.507230255839822,0.48,0.5641025641025641,0.5102040816326531,0.25,0.8933333333333334,0.6878378378378378,0.15600000000000003,0.9090909090909091,0.6666666666666666,0.4251066098081023,1,3,3
0.7804878048780488,0.29254727474972186,0.14000000000000012,0.8205128205128205,0.24489795918367346,0.9583333333333334,0.5,0.29662162162162165,0.8640000000000001,0.04545454545454549,0.0,0.388592750533049,0,1,1
0.4878048780487805,0.2369299221357063,0.94,0.4358974358974359,0.5306122448979592,0.041666666666666664,0.5800000000000001,0.5385135135135135,0.54,0.5909090909090908,0.3333333333333333,0.09275053304904052,1,0,1
0.7560975609756098,0.045606229143492785,0.2999999999999998,0.7435897435897436,0.2653061224489796,1.0,0.43999999999999995,0.2641891891891892,0.6679999999999999,0.13636363636363638,0.6666666666666666,0.10341151385927502,0,1,2
0.5365853658536586,0.2647385984427141,0.2400000000000002,0.6410256410256411,0.46938775510204084,0.9166666666666666,0.5333333333333333,0.4858108108108108,0.43200000000000005,0.8636363636363635,0.0,0.3195628997867803,1,1,1
0.7804878048780488,0.17130144605116793,0.10000000000000009,0.38461538461538464,0.04081632653061224,0.625,0.9,0.4817567567567568,0.34,0.5454545454545455,0.6666666666666666,0.28624733475479736,0,2,3
0.04878048780487805,0.38598442714126807,0.16000000000000014,0.3076923076923077,0.9387755102040817,0.5,0.36000000000000004,0.3783783783783784,0.9119999999999999,0.409090909090909,0.3333333333333333,0.4690831556503198,0,2,2
0.4146341463414634,0.42269187986651835,0.33999999999999986,0.9743589743589743,0.9795918367346939,0.2916666666666667,0.41999999999999993,0.43648648648648647,0.9319999999999999,0.45454545454545453,0.6666666666666666,0.41711087420042636,0,2,2
0.5853658536585366,0.1946607341490545,0.33999999999999986,0.8205128205128205,0.5918367346938775,0.20833333333333334,0.4266666666666666,0.31148648648648647,0.9640000000000001,0.409090909090909,0.0,0.22121535181236673,0,3,1
1.0,0.2302558398220245,0.45999999999999996,0.6410256410256411,0.6938775510204082,0.20833333333333334,0.35333333333333333,0.2777027027027027,0.9519999999999998,0.45454545454545453,0.3333333333333333,0.2121535181236674,0,3,2
0.7317073170731707,0.3225806451612903,0.48,0.0,0.9591836734693877,0.3333333333333333,0.6533333333333333,0.6216216216216216,0.8,0.36363636363636354,0.3333333333333333,0.2790511727078891,1,1,2
0.04878048780487805,0.3982202447163514,0.56,0.9487179487179487,0.2653061224489796,0.125,0.6133333333333333,0.4331081081081081,0.696,0.22727272727272727,0.6666666666666666,0.3091684434968017,0,1,2
0.9512195121951219,0.3971078976640712,0.2599999999999998,0.02564102564102564,0.22448979591836735,0.4166666666666667,0.12666666666666662,0.07027027027027027,0.904,0.36363636363636354,0.3333333333333333,0.4309701492537313,0,0,1
0.5609756097560976,0.3470522803114572,0.2799999999999998,0.1282051282051282,0.5510204081632653,0.16666666666666666,0.6133333333333333,0.4297297297297297,0.836,0.36363636363636354,0.3333333333333333,0.37713219616204685,0,1,2
0.7560975609756098,0.5005561735261401,0.3599999999999999,0.9487179487179487,0.8775510204081632,1.0,0.88,0.7871621621621622,0.052000000000000025,0.9090909090909091,0.6666666666666666,0.47441364605543707,1,1,3
0.5121951219512195,0.2625139043381535,0.1200000000000001,0.5897435897435898,0.5714285714285714,0.6666666666666666,0.48,0.40540540540540543,0.9919999999999999,0.409090909090909,0.0,0.36807036247334746,0,2,1
0.5365853658536586,0.3692992213570634,0.8799999999999999,0.4358974358974359,0.8571428571428571,0.7916666666666666,0.2066666666666667,0.2831081081081081,0.76,0.409090909090909,0.0,0.19003198294243065,1,2,1
0.024390243902439025,0.09232480533926582,0.040000000000000036,0.6666666666666666,0.32653061224489793,0.25,0.30666666666666664,0.23648648648648649,0.652,0.04545454545454549,0.0,0.22894456289978676,0,2,1
0.6341463414634146,0.03114571746384869,0.56,0.1794871794871795,0.7959183673469388,0.5833333333333334,0.66,0.5155405405405405,0.612,0.5,0.3333333333333333,0.03171641791044775,0,2,2
1.0,0.5350389321468297,0.52,0.6923076923076923,0.9795918367346939,1.0,0.5666666666666668,0.5540540540540541,0.6759999999999999,0.6818181818181818,0.3333333333333333,0.42963752665245203,1,2,2
0.024390243902439025,0.36040044493882095,0.5,0.23076923076923078,0.40816326530612246,0.5833333333333334,0.4666666666666666,0.36283783783783785,0.84,0.09090909090909088,0.6666666666666666,0.3017057569296375,0,0,2
0.6097560975609756,0.3692992213570634,0.7599999999999998,0.41025641025641024,0.4489795918367347,0.5416666666666666,0.4466666666666666,0.3506756756756757,0.7759999999999999,0.818181818181818,0.3333333333333333,0.2236140724946695,1,0,1
0.3902439024390244,0.7842046718576196,0.7200000000000002,0.717948717948718,0.3877551020408163,0.5,0.6133333333333333,0.529054054054054,0.49200000000000005,0.9545454545454545,0.0,0.5229211087420043,1,0,1
0.9512195121951219,0.067853170189099,0.52,0.1282051282051282,0.20408163265306123,0.4166666666666667,0.6266666666666666,0.3641891891891892,0.632,0.09090909090909088,0.3333333333333333,0.06823027718550108,0,2,2
0.7804878048780488,0.5650723025583981,0.41999999999999993,0.3333333333333333,0.673469387755102,0.5,0.38000000000000006,0.34256756756756757,0.504,0.8636363636363635,0.6666666666666666,0.4992004264392324,1,3,2
0.1951219512195122,0.21468298109010006,0.020000000000000018,0.5384615384615384,0.1836734693877551,0.875,0.7999999999999999,0.5358108108108108,0.204,0.5454545454545455,1.0,0.3648720682302772,0,2,3
0.926829268292683,0.056729699666295895,0.45999999999999996,0.1282051282051282,0.1836734693877551,0.9583333333333334,0.21999999999999997,0.12094594594594595,0.616,0.5,0.3333333333333333,0.07329424307036246,0,2,1
0.6829268292682927,0.05561735261401557,0.54,0.6410256410256411,0.8571428571428571,0.3333333333333333,0.6533333333333333,0.5972972972972973,0.764,0.9545454545454545,0.3333333333333333,0.05437100213219614,1,0,2
1.0,0.5494994438264739,0.2400000000000002,0.9743589743589743,0.10204081632653061,0.375,0.62,0.3932432432432432,0.54,0.9545454545454545,0.3333333333333333,0.5794243070362474,1,2,2
0.6097560975609756,0.9755283648498331,0.3799999999999999,0.28205128205128205,0.7142857142857143,0.125,0.4266666666666666,0.3864864864864865,0.5640000000000001,0.6363636363636362,0.3333333333333333,0.863272921108742,1,0,2
0.8292682926829268,0.34371523915461627,0.43999999999999995,0.8717948717948718,0.46938775510204084,0.6666666666666666,0.54,0.42162162162162165,0.408,0.5,0.3333333333333333,0.310501066098081,1,2,2
0.5853658536585366,0.10233592880978867,0.0,0.3333333333333333,0.22448979591836735,0.5416666666666666,0.4333333333333333,0.2533783783783784,0.708,0.0,0.3333333333333333,0.2545309168443497,0,1,2
0.5609756097560976,0.2480533926585094,0.5800000000000001,0.5384615384615384,0.8571428571428571,0.9583333333333334,0.9933333333333333,0.7756756756756756,0.36,0.5454545454545455,1.0,0.18976545842217485,0,3,3
0.2926829268292683,0.268075639599555,0.7400000000000002,0.5641025641025641,0.4489795918367347,0.7083333333333334,0.09333333333333334,0.1331081081081081,0.648,0.27272727272727276,0.0,0.16018123667377393,1,3,1
0.14634146341463414,0.3303670745272525,0.5,0.15384615384615385,0.5306122448979592,0.4166666666666667,0.6066666666666666,0.4905405405405405,0.9,0.22727272727272727,0.3333333333333333,0.27825159914712155,0,0,1
0.8536585365853658,0.1879866518353726,0.18000000000000016,1.0,0.8979591836734694,0.625,0.66,0.5385135135135135,0.78,0.22727272727272727,0.3333333333333333,0.27158848614072495,0,1,2
0.4634146341463415,0.14460511679644047,0.41999999999999993,0.6153846153846154,0.7346938775510204,0.0,0.41999999999999993,0.39054054054054055,0.7240000000000001,0.09090909090909088,0.6666666666666666,0.15485074626865666,0,3,2
0.0,0.36373748609566187,0.10000000000000009,0.3076923076923077,0.10204081632653061,0.25,0.22666666666666666,0.15,0.792,0.22727272727272727,0.3333333333333333,0.47814498933901917,0,0,1
0.17073170731707318,0.40600667408231367,0.9199999999999999,0.5128205128205128,0.0,0.375,0.11333333333333336,0.09391891891891892,0.528,0.36363636363636354,0.3333333333333333,0.2022921108742004,1,2,1
0.36585365853658536,0.8186874304783092,0.98,0.23076923076923078,0.10204081632653061,0.3333333333333333,0.5866666666666666,0.43648648648648647,0.736,0.8636363636363635,0.0,0.4363006396588486,1,2,1
0.3170731707317073,0.25027808676307006,0.2400000000000002,0.20512820512820512,1.0,1.0,0.7066666666666667,0.6858108108108109,0.26,0.5454545454545455,0.6666666666666666,0.30623667377398717,0,1,3
0.2682926829268293,0.6140155728587319,0.7200000000000002,0.358974358974359,0.42857142857142855,0.08333333333333333,0.09333333333333334,0.1304054054054054,0.664,0.45454545454545453,0.0,0.4051172707889125,1,3,1
0.5365853658536586,0.13014460511679646,0.6400000000000001,0.02564102564102564,0.8163265306122449,0.875,0.26666666666666666,0.3304054054054054,0.45599999999999996,0.6818181818181818,0.3333333333333333,0.08768656716417908,1,2,1
0.34146341463414637,0.7263626251390433,0.33999999999999986,0.6153846153846154,0.46938775510204084,0.9166666666666666,0.046666666666666634,0.09797297297297297,0.6759999999999999,0.6363636363636362,0.3333333333333333,0.6780383795309167,1,0,1
0.6585365853658537,0.3470522803114572,0.3599999999999999,0.3076923076923077,0.4897959183673469,0.5416666666666666,0.5800000000000001,0.3952702702702703,0.9640000000000001,0.04545454545454549,0.3333333333333333,0.3440831556503198,0,2,1
0.8048780487804879,0.4238042269187986,0.020000000000000018,0.8461538461538461,0.2857142857142857,1.0,0.28,0.17027027027027028,0.8440000000000001,0.5,0.3333333333333333,0.5844882729211087,0,2,1
0.024390243902439025,0.11790878754171302,0.3599999999999999,0.8461538461538461,0.5102040816326531,0.5833333333333334,0.47333333333333333,0.3878378378378378,0.8240000000000001,0.27272727272727276,0.3333333333333333,0.14952025586353943,0,3,2
0.7560975609756098,0.3359288097886541,0.7799999999999998,0.8717948717948718,0.14285714285714285,0.041666666666666664,0.1333333333333333,0.09256756756756757,0.784,0.5,0.3333333333333333,0.19536247334754792,1,3,1
0.5365853658536586,0.25139043381535037,0.06000000000000005,0.9487179487179487,0.46938775510204084,0.9583333333333334,0.9533333333333333,0.7277027027027027,0.32400000000000007,0.5454545454545455,1.0,0.38432835820895517,0,0,3
0.5121951219512195,0.22914349276974416,0.2999999999999998,0.05128205128205128,0.9591836734693877,0.5416666666666666,0.28,0.3141891891891892,0.7040000000000001,0.09090909090909088,0.3333333333333333,0.26492537313432835,0,1,1
0.5853658536585366,0.4048943270300334,0.94,0.1282051282051282,0.7551020408163265,0.625,0.4266666666666666,0.3939189189189189,0.5159999999999999,0.5,0.3333333333333333,0.19642857142857145,1,1,2
0.5121951219512195,0.2591768631813125,0.41999999999999993,0.46153846153846156,0.10204081632653061,0.25,0.9199999999999999,0.5891891891891892,0.34,0.5454545454545455,0.6666666666666666,0.2486673773987206,0,2,3
0.5121951219512195,0.318131256952169,0.2799999999999998,0.05128205128205128,0.6938775510204082,0.125,0.5533333333333333,0.4871621621621622,0.8959999999999999,0.0,0.3333333333333333,0.35154584221748403,0,0,2
1.0,0.9265850945494993,0.7599999999999998,0.4358974358974359,0.8367346938775511,0.7083333333333334,0.5333333333333333,0.49527027027027026,0.52,0.5,0.6666666666666666,0.601545842217484,1,1,2
0.12195121951219512,0.7452725250278086,0.8799999999999999,0.9743589743589743,0.0,0.9583333333333334,0.5666666666666668,0.3972972972972973,0.54,0.6363636363636362,0.0,0.4293710021321961,1,1,1
0.34146341463414637,0.31479421579532807,0.8399999999999999,0.20512820512820512,0.9183673469387755,0.16666666666666666,0.6133333333333333,0.6662162162162162,0.7959999999999999,0.9090909090909091,0.0,0.16551172707889128,1,2,1
0.8780487804878049,0.08676307007786425,0.20000000000000018,0.28205128205128205,0.7142857142857143,0.20833333333333334,0.45999999999999996,0.3560810810810811,0.64,0.36363636363636354,0.6666666666666666,0.16924307036247338,0,0,2
0.7804878048780488,0.2046718576195773,0.5800000000000001,0.10256410256410256,0.22448979591836735,0.25,0.7333333333333334,0.43243243243243246,0.28,0.5454545454545455,0.6666666666666666,0.15751599147121534,0,1,3
0.17073170731707318,0.3815350389321468,0.41999999999999993,0.05128205128205128,0.7551020408163265,0.5833333333333334,0.62,0.5540540540540541,0.6240000000000001,0.04545454545454549,0.3333333333333333,0.34888059701492535,0,3,2
0.0975609756097561,0.743047830923248,0.6400000000000001,0.2564102564102564,0.20408163265306123,0.0,0.3333333333333333,0.27837837837837837,0.728,0.36363636363636354,0.6666666666666666,0.5309168443496801,1,3,2
0.926829268292683,0.9510567296996663,0.6000000000000001,0.7435897435897436,0.22448979591836735,0.9583333333333334,0.5066666666666667,0.3472972972972973,0.43599999999999994,0.5454545454545455,0.6666666666666666,0.7038912579957355,1,2,2
0.07317073170731707,0.16907675194660737,0.10000000000000009,0.07692307692307693,0.8367346938775511,0.125,0.5800000000000001,0.5405405405405406,0.868,0.09090909090909088,0.6666666666666666,0.2841151385927505,0,2,2
0.12195121951219512,0.34927697441601785,0.43999999999999995,0.10256410256410256,1.0,1.0,0.5,0.5087837837837837,0.6240000000000001,0.0,0.0,0.3147654584221748,0,2,1
0.7560975609756098,0.41935483870967744,0.2200000000000002,0.0,0.7755102040816326,0.0,0.35333333333333333,0.3398648648648649,0.6679999999999999,0.8636363636363635,0.3333333333333333,0.47068230277185497,1,2,2
0.7073170731707317,0.5383759733036708,0.20000000000000018,0.6666666666666666,0.12244897959183673,0.4166666666666667,0.9066666666666667,0.5790540540540541,0.16799999999999998,0.9090909090909091,1.0,0.5919509594882729,1,1,3
0.8292682926829268,0.7208008898776418,0.98,0.6923076923076923,0.20408163265306123,0.7083333333333334,0.2866666666666667,0.19932432432432431,0.56,0.22727272727272727,0.0,0.376865671641791,1,0,1
0.9512195121951219,0.4694104560622914,0.3799999999999999,0.717948717948718,0.7142857142857143,0.5416666666666666,0.4333333333333333,0.3912162162162162,0.608,0.8636363636363635,0.6666666666666666,0.43869936034115137,1,2,2
0.36585365853658536,0.3136818687430478,0.5,0.4358974358974359,0.6122448979591837,0.875,0.2333333333333333,0.22635135135135134,0.76,0.09090909090909088,0.0,0.2651918976545842,0,2,1
0.2926829268292683,0.5717463848720801,0.98,0.28205128205128205,0.6530612244897959,0.4166666666666667,0.5800000000000001,0.5689189189189189,0.52,1.0,0.3333333333333333,0.28678038379530907,1,1,2
1.0,0.023359288097886555,0.2999999999999998,0.3076923076923077,0.24489795918367346,0.375,0.48,0.2851351351351351,0.92,0.31818181818181823,0.0,0.08368869936034116,0,2,1
0.7073170731707317,0.3192436040044494,0.52,0.02564102564102564,0.3469387755102041,0.6666666666666666,0.5800000000000001,0.3662162162162162,0.708,0.409090909090909,0.3333333333333333,0.26279317697228144,0,2,2
0.43902439024390244,0.08008898776418245,0.48,0.9230769230769231,0.8163265306122449,0.125,0.6666666666666666,0.606081081081081,0.8880000000000001,0.04545454545454549,0.6666666666666666,0.08715351812366735,0,0,2
0.3902439024390244,0.5784204671857619,0.52,0.38461538461538464,0.46938775510204084,0.9583333333333334,0.15333333333333332,0.1831081081081081,0.48400000000000004,0.9090909090909091,0.3333333333333333,0.46321961620469077,1,3,1
0.43902439024390244,0.18020022246941048,0.8999999999999999,0.5897435897435898,0.16326530612244897,0.5833333333333334,0.39333333333333337,0.31351351351351353,0.5,0.8636363636363635,0.6666666666666666,0.0655650319829424,1,2,2
0.6585365853658537,0.2046718576195773,0.43999999999999995,0.8717948717948718,0.6122448979591837,0.625,0.54,0.4527027027027027,0.5359999999999999,0.7272727272727273,0.6666666666666666,0.19776119402985068,1,1,2
0.6097560975609756,0.47719688542825367,0.8999999999999999,0.5384615384615384,0.8163265306122449,0.8333333333333334,0.9333333333333332,0.8121621621621622,0.11600000000000002,0.9090909090909091,1.0,0.2526652452025586,1,0,3
0.8780487804878049,0.2992213570634038,0.48,0.8974358974358975,0.1836734693877551,0.5,0.49333333333333335,0.28175675675675677,0.78,0.27272727272727276,0.0,0.26066098081023453,0,1,1
0.6097560975609756,0.29254727474972186,0.7000000000000002,0.2564102564102564,0.02040816326530612,0.3333333333333333,0.4533333333333333,0.27297297297297296,0.7,0.7727272727272727,0.0,0.1878997867803838,1,0,1
0.5365853658536586,0.5962180200222469,0.8599999999999999,0.717948717948718,0.7551020408163265,0.4166666666666667,0.5866666666666666,0.6006756756756757,0.48400000000000004,0.22727272727272727,0.3333333333333333,0.34141791044776115,1,0,1
0.1951219512195122,0.268075639599555,0.0,0.8717948717948718,0.2857142857142857,0.4166666666666667,0.9533333333333333,0.668918918918919,0.204,0.5454545454545455,1.0,0.4309701492537313,0,2,3
0.2682926829268293,0.5194660734149055,0.2400000000000002,0.358974358974359,0.04081632653061224,0.20833333333333334,0.68,0.48445945945945945,0.15600000000000003,0.9090909090909091,0.6666666666666666,0.5522388059701492,1,2,3
0.0,0.2447163515016685,0.18000000000000016,0.7692307692307693,0.8571428571428571,0.0,0.48666666666666664,0.46824324324324323,0.9280000000000002,0.31818181818181823,0.6666666666666666,0.3251599147121535,0,2,2
0.0,0.20133481646273638,0.2200000000000002,0.38461538461538464,0.6122448979591837,0.875,0.9333333333333332,0.7581081081081081,0.21200000000000002,0.5454545454545455,0.6666666666666666,0.2689232409381663,0,3,3
0.8048780487804879,0.2769744160177976,0.20000000000000018,0.23076923076923078,0.10204081632653061,0.20833333333333334,0.66,0.3614864864864865,0.8440000000000001,0.45454545454545453,0.6666666666666666,0.3472814498933902,0,3,2
0.7560975609756098,0.32591768631813123,0.2400000000000002,0.7948717948717948,0.04081632653061224,0.5,0.4266666666666666,0.21824324324324323,0.752,0.18181818181818177,0.6666666666666666,0.3755330490405117,0,1,2
0.5853658536585366,0.03003337041156844,0.48,0.02564102564102564,0.20408163265306123,0.875,0.36000000000000004,0.20608108108108109,0.9159999999999999,0.04545454545454549,0.3333333333333333,0.04744136460554369,0,2,1
0.9512195121951219,0.1268075639599555,0.2599999999999998,0.5897435897435898,0.2857142857142857,0.9583333333333334,0.4666666666666666,0.28445945945945944,0.9480000000000001,0.22727272727272727,0.6666666666666666,0.18736673773987209,0,3,2
0.0,0.3047830923248054,0.20000000000000018,0.5641025641025641,0.8979591836734694,0.875,0.06666666666666665,0.1277027027027027,0.94,0.409090909090909,0.3333333333333333,0.37340085287846475,0,2,1
0.36585365853658536,0.1735261401557286,0.2200000000000002,0.02564102564102564,0.5510204081632653,0.16666666666666666,0.8466666666666667,0.6743243243243243,0.3559999999999999,0.5454545454545455,0.6666666666666666,0.24333688699360337,0,3,3
0.926829268292683,0.9488320355951055,0.7200000000000002,0.9487179487179487,0.1836734693877551,0.5833333333333334,0.3333333333333333,0.22702702702702704,0.508,0.31818181818181823,0.3333333333333333,0.6369936034115138,1,3,2
0.0975609756097561,0.6907675194660733,0.7000000000000002,0.7692307692307693,0.7551020408163265,0.7083333333333334,0.6533333333333333,0.6587837837837838,0.7240000000000001,0.409090909090909,0.6666666666666666,0.466684434968017,1,0,2
0.5121951219512195,0.24360400444938818,0.54,1.0,0.9387755102040817,0.7916666666666666,0.5466666666666667,0.6094594594594595,0.612,0.36363636363636354,0.3333333333333333,0.1982942430703625,1,2,1
0.6829268292682927,0.7652947719688542,0.2799999999999998,0.6410256410256411,1.0,0.5416666666666666,0.6,0.5864864864864865,0.42,0.8636363636363635,0.3333333333333333,0.7497334754797441,1,2,1
0.04878048780487805,0.12347052280311457,0.16000000000000014,0.717948717948718,1.0,0.5833333333333334,0.0,0.0804054054054054,0.784,0.04545454545454549,0.0,0.21721748400852872,0,3,1
0.2682926829268293,0.4638487208008899,0.98,0.05128205128205128,0.12244897959183673,0.16666666666666666,0.6333333333333333,0.4743243243243243,0.7759999999999999,0.7727272727272727,0.0,0.22148187633262256,1,2,1
0.6097560975609756,0.03003337041156844,0.31999999999999984,0.3333333333333333,0.2857142857142857,0.125,0.15333333333333332,0.09256756756756757,0.956,0.18181818181818177,0.0,0.08475479744136459,0,3,1
0.36585365853658536,0.46496106785317015,0.98,0.6153846153846154,0.3469387755102041,0.041666666666666664,0.7266666666666667,0.6047297297297297,0.02,0.9090909090909091,0.6666666666666666,0.22228144989339016,1,2,3
0.8780487804878049,0.1624026696329255,0.52,0.0,0.3469387755102041,0.25,0.52,0.38175675675675674,0.696,0.818181818181818,0.6666666666666666,0.14152452025586348,1,0,2
0.5121951219512195,0.7530589543937708,0.7599999999999998,0.05128205128205128,0.8163265306122449,0.375,0.14666666666666664,0.22364864864864864,0.7240000000000001,0.9545454545454545,0.0,0.48374200426439223,1,2,1
0.6829268292682927,0.1879866518353726,0.20000000000000018,0.6410256410256411,0.46938775510204084,0.625,0.25333333333333335,0.1777027027027027,0.708,0.04545454545454549,0.3333333333333333,0.26412579957356075,0,0,1
0.3170731707317073,0.4315906562847608,0.41999999999999993,0.4358974358974359,0.02040816326530612,0.375,0.66,0.46554054054054056,0.588,0.45454545454545453,0.6666666666666666,0.3899253731343283,1,1,2
0.6585365853658537,0.09121245828698557,0.2799999999999998,0.20512820512820512,0.7959183673469388,0.7083333333333334,0.5,0.3993243243243243,0.884,0.45454545454545453,0.6666666666666666,0.1492537313432836,0,2,2
0.0975609756097561,0.11902113459399336,0.18000000000000016,0.9487179487179487,0.3877551020408163,0.6666666666666666,0.5133333333333333,0.3918918918918919,0.7759999999999999,0.13636363636363638,0.3333333333333333,0.2060234541577825,0,2,2
0.7073170731707317,0.518353726362625,0.98,0.5641025641025641,0.673469387755102,0.8333333333333334,0.9866666666666667,0.8087837837837838,0.023999999999999987,0.9090909090909091,0.6666666666666666,0.2545309168443497,1,2,3
0.0975609756097561,0.6262513904338153,0.2599999999999998,0.5128205128205128,0.8571428571428571,0.5,0.5666666666666668,0.6081081081081081,0.684,0.409090909090909,0.6666666666666666,0.6377931769722814,1,0,2
0.2682926829268293,0.453837597330367,0.96,0.0,0.5102040816326531,0.0,0.7666666666666666,0.6844594594594594,0.184,0.9090909090909091,1.0,0.22094882729211082,1,2,3
0.36585365853658536,0.20022246941045604,0.06000000000000005,0.5128205128205128,0.12244897959183673,0.0,0.8933333333333334,0.5783783783783784,0.332,0.5454545454545455,1.0,0.332089552238806,0,2,3
0.6097560975609756,0.6218020022246942,0.7000000000000002,0.6666666666666666,0.7551020408163265,0.5833333333333334,0.52,0.46756756756756757,0.708,0.8636363636363635,0.0,0.4184434968017057,1,3,1
0.6097560975609756,0.23915461624026696,0.16000000000000014,0.1282051282051282,0.5918367346938775,0.0,0.9066666666666667,0.6378378378378379,0.272,0.5454545454545455,1.0,0.3283582089552239,0,1,3
0.4878048780487805,0.006674082313681884,0.5800000000000001,0.8974358974358975,0.8367346938775511,0.20833333333333334,0.08,0.13243243243243244,0.672,0.5454545454545455,0.0,0.009328358208955214,0,0,1
0.926829268292683,0.47274749721913234,0.7400000000000002,0.6923076923076923,0.08163265306122448,1.0,0.6733333333333333,0.42162162162162165,0.12799999999999997,0.9090909090909091,1.0,0.30037313432835816,1,3,3
0.8536585365853658,0.7241379310344827,0.6800000000000002,0.41025641025641024,0.20408163265306123,0.5,0.12666666666666662,0.09527027027027027,0.532,0.6363636363636362,0.3333333333333333,0.49893390191897646,1,0,1
0.7804878048780488,0.20133481646273638,0.16000000000000014,1.0,0.0,0.0,0.9533333333333333,0.49932432432432433,0.37200000000000005,0.5454545454545455,1.0,0.29184434968017053,0,3,3
0.7073170731707317,0.23359288097886538,0.52,0.05128205128205128,0.673469387755102,0.16666666666666666,0.6933333333333334,0.5114864864864865,0.22399999999999998,0.5454545454545455,1.0,0.19642857142857145,0,1,3
0.8780487804878049,0.27252502780867627,0.06000000000000005,0.28205128205128205,0.0,0.3333333333333333,0.8266666666666667,0.4304054054054054,0.288,0.5454545454545455,0.6666666666666666,0.4059168443496802,0,3,3
0.5365853658536586,0.2024471635150167,0.96,0.9743589743589743,0.3673469387755102,1.0,0.62,0.5283783783783784,0.56,0.45454545454545453,0.3333333333333333,0.06743070362473345,1,0,2
0.21951219512195122,0.32814238042269184,0.52,0.28205128205128205,0.02040816326530612,0.6666666666666666,0.2933333333333333,0.17972972972972973,0.976,0.22727272727272727,0.3333333333333333,0.2697228144989339,0,2,1
0.0975609756097561,0.24694104560622915,0.6800000000000002,0.02564102564102564,0.40816326530612246,0.625,0.006666666666666672,0.060810810810810814,0.46,0.36363636363636354,0.3333333333333333,0.16124733475479744,1,2,1
0.8536585365853658,0.3114571746384872,0.3999999999999999,0.5384615384615384,0.3877551020408163,0.2916666666666667,0.37333333333333335,0.24324324324324326,0.6040000000000001,0.409090909090909,0.6666666666666666,0.298773987206823,0,1,2
0.8048780487804879,0.18131256952169073,0.0,0.5641025641025641,0.4489795918367347,0.6666666666666666,0.62,0.41283783783783784,0.696,0.409090909090909,0.3333333333333333,0.33848614072494665,0,0,1
0.7317073170731707,0.6062291434927697,0.3999999999999999,0.7435897435897436,0.40816326530612246,0.5833333333333334,0.34,0.2682432432432432,0.728,0.9090909090909091,0.3333333333333333,0.5431769722814499,1,0,2
0.21951219512195122,0.20022246941045604,0.5800000000000001,0.10256410256410256,0.46938775510204084,0.9583333333333334,0.5933333333333333,0.4668918918918919,0.684,0.0,0.0,0.15405117270788915,0,0,1
0.43902439024390244,0.489432703003337,0.8799999999999999,0.20512820512820512,0.061224489795918366,0.0,0.8666666666666667,0.6182432432432432,0.04799999999999997,0.9090909090909091,1.0,0.26652452025586354,1,1,3
0.7560975609756098,0.23359288097886538,0.7400000000000002,0.5128205128205128,0.22448979591836735,0.4583333333333333,0.4266666666666666,0.2945945945945946,0.452,0.6818181818181818,0.6666666666666666,0.13646055437100216,1,2,2
0.0,0.2758620689655172,0.06000000000000005,0.2564102564102564,0.42857142857142855,0.16666666666666666,0.9866666666666667,0.7385135135135135,0.3440000000000001,0.5454545454545455,1.0,0.40938166311300633,0,3,3
0.0975609756097561,0.06340378197997779,0.54,0.10256410256410256,0.3877551020408163,0.9583333333333334,0.36000000000000004,0.3324324324324324,0.428,0.409090909090909,0.3333333333333333,0.06050106609808101,1,1,1
0.07317073170731707,0.4549499443826474,0.7999999999999998,0.8717948717948718,0.3469387755102041,0.20833333333333334,0.8666666666666667,0.7114864864864865,0.06799999999999998,0.9090909090909091,0.6666666666666666,0.2689232409381663,1,3,3
0.36585365853658536,0.268075639599555,0.2599999999999998,0.6666666666666666,0.0,1.0,0.7200000000000001,0.4358108108108108,0.25599999999999995,0.5454545454545455,1.0,0.3147654584221748,0,2,3
0.5609756097560976,0.30033370411568405,0.54,0.02564102564102564,0.5918367346938775,0.0,0.48,0.40337837837837837,0.6240000000000001,0.5,0.3333333333333333,0.24173773987206823,1,1,2
0.36585365853658536,0.739710789766407,0.20000000000000018,0.5897435897435898,0.6530612244897959,1.0,0.6,0.5858108108108108,0.6920000000000001,0.818181818181818,0.6666666666666666,0.7803837953091685,1,2,2
0.024390243902439025,0.6129032258064515,0.7000000000000002,0.7692307692307693,0.46938775510204084,0.0,0.47333333333333333,0.43851351351351353,0.612,0.36363636363636354,0.6666666666666666,0.41231343283582084,1,3,2
0.6585365853658537,0.2836484983314794,0.14000000000000012,0.8205128205128205,0.2653061224489796,0.375,0.10666666666666669,0.062162162162162166,0.9719999999999999,0.36363636363636354,0.0,0.3797974413646055,0,0,1
0.7560975609756098,0.7308120133481646,0.2799999999999998,0.9743589743589743,0.7142857142857143,0.375,0.4666666666666666,0.4175675675675676,0.78,0.7272727272727273,0.3333333333333333,0.7190831556503197,1,0,2
0.6341463414634146,0.0889877641824249,0.52,0.7435897435897436,0.08163265306122448,0.08333333333333333,0.25333333333333335,0.12702702702702703,0.7440000000000001,0.5,0.0,0.08475479744136459,0,3,1
0.4634146341463415,0.32814238042269184,0.0,0.9230769230769231,0.20408163265306123,0.6666666666666666,0.12666666666666662,0.09797297297297297,0.9119999999999999,0.409090909090909,0.0,0.49493603411513853,0,0,1
0.5609756097560976,0.2903225806451612,0.3799999999999999,0.6923076923076923,0.46938775510204084,0.75,0.18000000000000002,0.1635135135135135,0.696,0.8636363636363635,0.0,0.2883795309168443,1,3,1
0.2682926829268293,0.3114571746384872,0.3999999999999999,0.7692307692307693,0.6122448979591837,0.4166666666666667,0.17333333333333334,0.21891891891891893,0.7559999999999999,0.6363636363636362,0.0,0.298773987206823,1,1,1
0.8292682926829268,0.11457174638487204,0.56,0.2564102564102564,0.24489795918367346,0.7083333333333334,0.2333333333333333,0.17027027027027028,0.58,0.36363636363636354,0.0,0.09488272921108742,1,1,1
0.7804878048780488,0.32591768631813123,0.3599999999999999,0.5641025641025641,0.30612244897959184,0.041666666666666664,0.4666666666666666,0.28783783783783784,0.812,0.22727272727272727,0.0,0.3259594882729211,0,1,1
0.7804878048780488,0.5194660734149055,0.2599999999999998,0.02564102564102564,0.46938775510204084,0.3333333333333333,0.7999999999999999,0.6081081081081081,0.08399999999999999,0.9090909090909091,0.6666666666666666,0.5413113006396588,1,0,3
0.8780487804878049,0.9555061179087876,0.8799999999999999,1.0,0.24489795918367346,0.9583333333333334,0.5666666666666668,0.3912162162162162,0.74,0.6363636363636362,0.3333333333333333,0.5631663113006397,1,2,2
0.2682926829268293,0.5350389321468297,0.8599999999999999,0.6666666666666666,0.46938775510204084,0.6666666666666666,0.9199999999999999,0.7945945945945946,0.043999999999999984,0.9090909090909091,1.0,0.3019722814498933,1,0,3
0.04878048780487805,0.9377085650723025,0.6400000000000001,0.8717948717948718,0.5102040816326531,0.5416666666666666,0.5,0.4689189189189189,0.49599999999999994,0.7727272727272727,0.3333333333333333,0.6719083155650319,1,0,2
0.0,0.2447163515016685,0.7000000000000002,0.02564102564102564,0.02040816326530612,0.125,0.25333333333333335,0.1912162162162162,0.5479999999999999,0.6818181818181818,0.3333333333333333,0.15458422174840086,1,2,1
0.7804878048780488,0.3303670745272525,0.43999999999999995,0.9743589743589743,0.30612244897959184,0.6666666666666666,0.49333333333333335,0.30405405405405406,0.6920000000000001,0.22727272727272727,0.6666666666666666,0.29957356076759056,0,2,2
0.9512195121951219,0.23248053392658508,0.040000000000000036,0.9230769230769231,0.7551020408163265,0.6666666666666666,0.54,0.4209459459459459,0.8240000000000001,0.13636363636363638,0.3333333333333333,0.37420042643923235,0,2,2
0.21951219512195122,0.40600667408231367,0.94,0.5128205128205128,0.9183673469387755,0.4583333333333333,0.41999999999999993,0.48783783783783785,0.452,0.36363636363636354,0.0,0.19696162046908317,1,2,1
0.6829268292682927,0.6084538375973304,0.6400000000000001,0.10256410256410256,0.0,0.7916666666666666,0.6466666666666666,0.38513513513513514,0.528,0.7727272727272727,0.3333333333333333,0.43363539445628996,1,0,2
0.2926829268292683,0.31034482758620696,0.5,0.5128205128205128,0.9795918367346939,0.7083333333333334,0.5,0.5756756756756757,0.764,0.7272727272727273,0.0,0.2625266524520256,1,3,1
0.2682926829268293,0.9021134593993325,0.7400000000000002,0.717948717948718,0.20408163265306123,0.08333333333333333,0.54,0.4283783783783784,0.5640000000000001,0.7727272727272727,0.6666666666666666,0.5946162046908315,1,1,2
0.7317073170731707,0.3503893214682981,0.2799999999999998,0.48717948717948717,0.6938775510204082,0.4166666666666667,0.64,0.47905405405405405,0.9,0.18181818181818177,0.6666666666666666,0.3800639658848613,0,3,2
0.024390243902439025,0.6518353726362625,0.3999999999999999,0.9487179487179487,0.8571428571428571,1.0,0.21999999999999997,0.29527027027027025,0.44400000000000006,0.409090909090909,0.0,0.5810234541577823,1,0,1
0.8292682926829268,0.3136818687430478,0.2599999999999998,0.48717948717948717,0.5714285714285714,0.7083333333333334,0.4466666666666666,0.3216216216216216,0.7,0.409090909090909,0.3333333333333333,0.35581023454157784,0,2,1
0.5365853658536586,0.19688542825361516,0.3799999999999999,0.6153846153846154,0.7346938775510204,0.125,0.4533333333333333,0.4168918918918919,0.924,0.409090909090909,0.6666666666666666,0.21002132196162043,0,1,2
0.3902439024390244,0.9410456062291433,0.2599999999999998,0.02564102564102564,0.32653061224489793,0.6666666666666666,0.6066666666666666,0.5081081081081081,0.7040000000000001,0.5909090909090908,0.3333333333333333,0.921641791044776,1,1,2
0.6097560975609756,0.3670745272525028,0.18000000000000016,0.7948717948717948,0.7755102040816326,0.7083333333333334,0.54,0.4243243243243243,0.7559999999999999,0.31818181818181823,0.3333333333333333,0.44136460554370993,0,3,1
0.17073170731707318,0.2157953281423804,0.020000000000000018,0.6410256410256411,0.8367346938775511,0.16666666666666666,0.7466666666666667,0.6763513513513514,0.392,0.5454545454545455,1.0,0.3659381663113006,0,0,3
0.6829268292682927,0.13348164627363737,0.2999999999999998,0.1282051282051282,0.5510204081632653,0.5416666666666666,0.1333333333333333,0.10810810810810811,0.9640000000000001,0.18181818181818177,0.0,0.18070362473347548,0,0,1
0.6097560975609756,0.02447163515016688,0.2999999999999998,0.05128205128205128,0.5714285714285714,0.375,0.5533333333333333,0.3939189189189189,0.9840000000000001,0.36363636363636354,0.3333333333333333,0.08475479744136459,0,0,2
0.21951219512195122,0.5483870967741935,0.2799999999999998,0.8205128205128205,0.8571428571428571,0.5833333333333334,0.88,0.8912162162162162,0.08399999999999999,0.9090909090909091,0.6666666666666666,0.5565031982942431,1,1,3
0.6097560975609756,0.778642936596218,0.52,0.0,0.04081632653061224,0.0,0.39333333333333337,0.23986486486486486,0.48,0.8636363636363635,0.3333333333333333,0.6180703624733475,1,3,1
0.8048780487804879,0.2914349276974416,0.16000000000000014,0.10256410256410256,0.1836734693877551,0.625,0.24,0.13243243243243244,0.852,0.36363636363636354,0.3333333333333333,0.37846481876332616,0,1,1
0.975609756097561,0.20689655172413793,0.31999999999999984,0.3076923076923077,0.8367346938775511,0.4166666666666667,0.47333333333333333,0.4466216216216216,0.672,0.6363636363636362,0.0,0.23853944562899784,1,1,1
0.14634146341463414,0.12235817575083426,0.33999999999999986,0.46153846153846156,0.2653061224489796,0.9166666666666666,0.3133333333333333,0.275,0.452,0.5909090909090908,0.3333333333333333,0.15911513859275048,1,2,1
0.07317073170731707,0.6840934371523915,0.8999999999999999,0.28205128205128205,0.22448979591836735,0.7916666666666666,0.3133333333333333,0.26756756756756755,0.716,0.7272727272727273,0.3333333333333333,0.3829957356076759,1,3,1
0.24390243902439024,0.8253615127919911,0.7400000000000002,0.6153846153846154,0.9387755102040817,0.20833333333333334,0.3666666666666667,0.44324324324324327,0.408,0.7727272727272727,0.3333333333333333,0.5421108742004263,1,2,2
0.6829268292682927,0.16017797552836482,0.43999999999999995,0.8717948717948718,0.8367346938775511,0.9583333333333334,0.2733333333333334,0.2851351351351351,0.5920000000000001,0.6363636363636362,0.0,0.16178038379530915,1,0,1
0.8536585365853658,0.1379310344827586,0.14000000000000012,0.28205128205128205,0.5918367346938775,0.875,0.56,0.40202702702702703,0.732,0.31818181818181823,0.3333333333333333,0.23827292110874201,0,1,2
0.5853658536585366,0.5027808676307007,0.6200000000000001,0.7435897435897436,0.6326530612244898,0.625,0.6933333333333334,0.572972972972973,0.14799999999999996,0.9090909090909091,1.0,0.3648720682302772,1,3,3
0.4878048780487805,0.4849833147942157,0.48,0.10256410256410256,0.6326530612244898,0.041666666666666664,0.7733333333333333,0.727027027027027,0.06399999999999999,0.9090909090909091,1.0,0.4075159914712153,1,0,3
0.8536585365853658,0.8387096774193549,0.8399999999999999,0.8461538461538461,0.8367346938775511,0.0,0.5733333333333334,0.5277027027027027,0.732,0.31818181818181823,0.6666666666666666,0.505863539445629,1,3,2
0.21951219512195122,0.3470522803114572,0.94,0.5384615384615384,0.6326530612244898,0.9583333333333334,0.16,0.21081081081081082,0.6359999999999999,0.9545454545454545,0.3333333333333333,0.16071428571428573,1,1,1
0.8780487804878049,0.4238042269187986,0.20000000000000018,0.9743589743589743,0.5102040816326531,0.9583333333333334,0.4000000000000001,0.28040540540540543,0.9159999999999999,0.409090909090909,0.6666666666666666,0.48480810234541577,0,3,2
0.1951219512195122,0.15795328142380424,0.2999999999999998,0.3076923076923077,0.0,0.3333333333333333,0.38000000000000006,0.22905405405405405,0.996,0.18181818181818177,0.6666666666666666,0.2022921108742004,0,0,2
0.5609756097560976,0.418242491657397,0.52,0.05128205128205128,0.8367346938775511,0.875,0.5133333333333333,0.4168918918918919,0.872,0.31818181818181823,0.6666666666666666,0.33928571428571425,0,2,2
0.8292682926829268,0.045606229143492785,0.2400000000000002,0.48717948717948717,0.02040816326530612,0.4583333333333333,0.6066666666666666,0.3141891891891892,0.9919999999999999,0.04545454545454549,0.3333333333333333,0.11940298507462686,0,1,1
0.8292682926829268,0.5061179087875417,0.6000000000000001,0.7692307692307693,0.32653061224489793,0.6666666666666666,0.7999999999999999,0.5682432432432433,0.003999999999999986,0.9090909090909091,1.0,0.375,1,2,3
0.8536585365853658,0.08676307007786425,0.52,0.10256410256410256,0.5918367346938775,1.0,0.37333333333333335,0.2756756756756757,0.736,0.0,0.6666666666666666,0.08288912579957354,0,1,2
0.4146341463414634,0.6952169076751946,0.8799999999999999,0.5897435897435898,0.7755102040816326,0.5833333333333334,0.22666666666666666,0.2885135135135135,0.44400000000000006,0.409090909090909,0.0,0.3973880597014925,1,0,1
0.926829268292683,0.8676307007786429,0.7999999999999998,1.0,0.12244897959183673,0.75,0.10666666666666669,0.07364864864864865,0.504,0.7727272727272727,0.0,0.5429104477611939,1,1,1
0.7560975609756098,0.4705228031145717,0.6800000000000002,0.8205128205128205,0.5306122448979592,0.875,0.5266666666666667,0.425,0.736,0.8636363636363635,0.6666666666666666,0.3195628997867803,1,2,2
0.5609756097560976,0.4627363737486095,0.7400000000000002,0.1794871794871795,0.16326530612244897,0.375,0.9133333333333334,0.595945945945946,0.007999999999999972,0.9090909090909091,1.0,0.29344349680170567,1,1,3
0.5365853658536586,0.22469410456062294,0.7599999999999998,0.5897435897435898,0.42857142857142855,0.4583333333333333,0.48,0.43445945945945946,0.608,0.6818181818181818,0.3333333333333333,0.12553304904051174,1,0,2
0.7560975609756098,0.10233592880978867,0.08000000000000007,0.48717948717948717,0.673469387755102,0.5416666666666666,0.52,0.39054054054054055,0.828,0.27272727272727276,0.3333333333333333,0.22468017057569295,0,1,2
0.8780487804878049,0.07341490545050057,0.0,0.38461538461538464,0.9183673469387755,0.3333333333333333,0.5866666666666666,0.48783783783783785,0.8240000000000001,0.22727272727272727,0.0,0.2236140724946695,0,2,1
0.2682926829268293,0.3192436040044494,0.43999999999999995,0.28205128205128205,0.9795918367346939,0.5,0.3866666666666667,0.4081081081081081,0.792,0.09090909090909088,0.6666666666666666,0.29051172707889117,0,0,2
0.2926829268292683,0.22914349276974416,0.10000000000000009,0.3076923076923077,0.0,0.08333333333333333,0.5333333333333333,0.3222972972972973,0.9159999999999999,0.04545454545454549,0.3333333333333333,0.3438166311300639,0,2,2
0.5365853658536586,0.1345939933259177,0.2200000000000002,0.9743589743589743,0.16326530612244897,0.8333333333333334,0.24666666666666667,0.2087837837837838,0.452,0.818181818181818,0.0,0.20735607675906184,1,1,1
0.5853658536585366,0.07341490545050057,0.54,0.6153846153846154,0.3877551020408163,0.5416666666666666,0.07333333333333332,0.05337837837837838,0.7240000000000001,0.5,0.0,0.06796375266524517,0,3,1
0.8292682926829268,0.2836484983314794,0.48,0.7948717948717948,0.3673469387755102,0.8333333333333334,0.6533333333333333,0.4783783783783784,0.648,0.5909090909090908,0.6666666666666666,0.2481343283582089,1,2,2
0.975609756097561,0.04671857619577311,0.14000000000000012,0.5897435897435898,0.7142857142857143,0.375,0.3866666666666667,0.30405405405405406,0.8759999999999999,0.36363636363636354,0.3333333333333333,0.14952025586353943,0,1,1
0.7073170731707317,0.5461624026696328,0.6800000000000002,0.20512820512820512,0.7959183673469388,0.625,0.6266666666666666,0.5608108108108109,0.56,0.9545454545454545,0.3333333333333333,0.3731343283582089,1,3,2
0.3902439024390244,0.2880978865406007,0.2400000000000002,1.0,0.8979591836734694,0.25,0.2066666666666667,0.2891891891891892,0.752,0.31818181818181823,0.0,0.34088486140724944,1,3,1
0.4634146341463415,0.1735261401557286,0.14000000000000012,0.5641025641025641,0.061224489795918366,0.125,0.3133333333333333,0.19864864864864865,0.768,0.409090909090909,0.0,0.2729211087420042,0,0,1
0.5853658536585366,0.26362625139043383,0.96,0.3076923076923077,0.16326530612244897,0.7916666666666666,0.5800000000000001,0.38175675675675674,0.56,0.6818181818181818,0.0,0.10474413646055436,1,3,1
0.5121951219512195,0.5139043381535039,0.6400000000000001,0.7948717948717948,0.8163265306122449,0.9166666666666666,0.9733333333333333,0.9608108108108108,0.007999999999999972,0.9090909090909091,1.0,0.365138592750533,1,2,3
0.2926829268292683,0.2135706340378198,0.2599999999999998,0.358974358974359,0.42857142857142855,1.0,0.9,0.6763513513513514,0.31200000000000006,0.5454545454545455,0.6666666666666666,0.26545842217484006,0,2,3
0.43902439024390244,0.5050055617352615,0.7599999999999998,0.8974358974358975,0.3469387755102041,0.4166666666666667,0.9866666666666667,0.8033783783783783,0.14,0.9090909090909091,1.0,0.3155650319829424,1,3,3
0.8536585365853658,0.31256952169076746,0.10000000000000009,0.10256410256410256,0.22448979591836735,0.625,0.6066666666666666,0.3567567567567568,0.644,0.31818181818181823,0.6666666666666666,0.42723880597014924,0,1,2
0.2682926829268293,0.22246941045606228,0.2400000000000002,0.5384615384615384,0.8367346938775511,0.7916666666666666,0.2333333333333333,0.2574324324324324,0.7240000000000001,0.18181818181818177,0.0,0.2809168443496801,0,2,1
0.975609756097561,0.3870967741935483,0.3799999999999999,0.38461538461538464,0.8571428571428571,0.125,0.52,0.42567567567567566,0.9119999999999999,0.36363636363636354,0.6666666666666666,0.3696695095948827,0,2,2
0.43902439024390244,0.5595105672969966,0.2999999999999998,0.23076923076923078,0.7755102040816326,0.875,0.5866666666666666,0.6054054054054054,0.5479999999999999,0.8636363636363635,0.6666666666666666,0.5557036247334755,1,0,2
0.2682926829268293,0.5127919911012235,0.2999999999999998,0.5897435897435898,0.16326530612244897,0.875,0.7733333333333333,0.5851351351351352,0.04799999999999997,0.9090909090909091,0.6666666666666666,0.5146588486140724,1,1,3
0.1951219512195122,0.37486095661846497,0.31999999999999984,0.4358974358974359,0.10204081632653061,0.9166666666666666,0.2866666666666667,0.22702702702702704,0.6679999999999999,0.31818181818181823,0.0,0.38459488272921105,1,3,1
0.14634146341463414,0.3081201334816463,0.1200000000000001,0.4358974358974359,0.3673469387755102,0.6666666666666666,0.6133333333333333,0.4574324324324324,0.68,0.27272727272727276,0.3333333333333333,0.41311300639658843,0,1,2
0.6585365853658537,0.4260289210233592,0.9199999999999999,0.15384615384615385,0.9591836734693877,0.5,0.5266666666666667,0.5155405405405405,0.76,0.31818181818181823,0.3333333333333333,0.21481876332622596,1,0,1
0.3170731707317073,0.09121245828698557,0.2999999999999998,0.07692307692307693,0.9387755102040817,0.4166666666666667,0.4000000000000001,0.41216216216216217,0.644,0.45454545454545453,0.0,0.14339019189765453,0,0,1
0.7317073170731707,0.18687430478309228,0.020000000000000018,0.6410256410256411,0.12244897959183673,0.08333333333333333,0.5800000000000001,0.3202702702702703,0.884,0.27272727272727276,0.6666666666666666,0.33555437100213215,0,1,2
0.43902439024390244,0.8053392658509455,0.2599999999999998,0.10256410256410256,0.30612244897959184,0.3333333333333333,0.3466666666666667,0.30675675675675673,0.6,0.8636363636363635,0.6666666666666666,0.7990405117270788,1,0,2
0.36585365853658536,0.21134593993325917,0.33999999999999986,0.38461538461538464,0.08163265306122448,0.20833333333333334,0.26666666666666666,0.17229729729729729,0.9480000000000001,0.18181818181818177,0.3333333333333333,0.23560767590618334,0,0,1
0.0975609756097561,0.649610678531702,0.7599999999999998,0.8717948717948718,0.30612244897959184,0.875,0.013333333333333345,0.056081081081081084,0.452,0.31818181818181823,0.0,0.41364605543710015,1,0,1
0.8292682926829268,0.29477196885428253,0.20000000000000018,0.6410256410256411,0.0,0.8333333333333334,0.56,0.3331081081081081,0.672,0.27272727272727276,0.6666666666666666,0.3640724946695096,1,1,2
0.2682926829268293,0.739710789766407,0.6200000000000001,0.4358974358974359,0.7346938775510204,0.4166666666666667,0.5266666666666667,0.5432432432432432,0.628,0.45454545454545453,0.6666666666666666,0.5381130063965884,1,0,2
0.5853658536585366,0.5383759733036708,0.8599999999999999,0.717948717948718,0.7755102040816326,0.625,0.7866666666666666,0.6831081081081081,0.09600000000000002,0.9090909090909091,0.6666666666666666,0.30410447761194026,1,3,3
0.4878048780487805,0.5383759733036708,0.5800000000000001,0.5641025641025641,0.3673469387755102,0.75,0.8266666666666667,0.6878378378378378,0.1,0.9090909090909091,1.0,0.4069829424307036,1,3,3
0.8536585365853658,0.1479421579532814,0.48,0.3333333333333333,0.7346938775510204,0.16666666666666666,0.5800000000000001,0.4452702702702703,0.8880000000000001,0.13636363636363638,0.3333333333333333,0.14072494669509597,0,2,2
0.5365853658536586,0.20133481646273638,0.1200000000000001,0.358974358974359,0.32653061224489793,0.5416666666666666,0.07333333333333332,0.07567567567567568,0.976,0.31818181818181823,0.0,0.30783582089552236,0,3,1
0.36585365853658536,0.38042269187986655,0.52,0.8205128205128205,0.5102040816326531,0.6666666666666666,0.4333333333333333,0.3587837837837838,0.6359999999999999,0.0,0.6666666666666666,0.30996801705756927,0,2,2
0.926829268292683,0.4961067853170188,0.2599999999999998,0.6153846153846154,0.42857142857142855,0.08333333333333333,0.34,0.2716216216216216,0.408,0.6363636363636362,0.6666666666666666,0.5202558635394455,1,1,2
1.0,0.42269187986651835,0.8399999999999999,0.5128205128205128,0.14285714285714285,0.125,0.14666666666666664,0.10135135135135136,0.7240000000000001,0.5454545454545455,0.3333333333333333,0.23560767590618334,1,0,1
0.926829268292683,0.5450500556173525,0.3599999999999999,0.41025641025641024,0.6530612244897959,0.625,0.8466666666666667,0.6952702702702702,0.02,0.9090909090909091,1.0,0.5119936034115138,1,3,3
0.3170731707317073,0.03003337041156844,0.52,0.5641025641025641,0.02040816326530612,0.625,0.64,0.3918918918918919,0.996,0.31818181818181823,0.3333333333333333,0.03891257995735605,0,2,1
0.7317073170731707,0.4883203559510568,0.6400000000000001,0.41025641025641024,0.5918367346938775,0.8333333333333334,0.9333333333333332,0.7418918918918919,0.12399999999999999,0.9090909090909091,1.0,0.3467484008528784,1,1,3
0.0975609756097561,0.43047830923248054,0.040000000000000036,0.3333333333333333,0.9387755102040817,1.0,0.6333333333333333,0.6087837837837838,0.86,0.36363636363636354,0.3333333333333333,0.5794243070362474,0,2,2
0.8292682926829268,0.2880978865406007,0.040000000000000036,0.717948717948718,0.3877551020408163,0.125,0.5133333333333333,0.33175675675675675,0.68,0.36363636363636354,0.6666666666666666,0.4317697228144989,0,0,2
0.5365853658536586,0.41045606229143494,0.8399999999999999,0.48717948717948717,0.3469387755102041,0.75,0.41999999999999993,0.37027027027027026,0.49599999999999994,1.0,0.6666666666666666,0.22761194029850743,1,3,2
0.6829268292682927,0.49276974416017794,1.0,0.7435897435897436,0.8571428571428571,0.6666666666666666,0.8866666666666667,0.7864864864864864,0.13200000000000003,0.9090909090909091,1.0,0.23320895522388058,1,1,3
0.24390243902439024,0.24916573971078973,0.20000000000000018,0.46153846153846156,0.1836734693877551,0.5,0.4000000000000001,0.275,0.9640000000000001,0.09090909090909088,0.3333333333333333,0.32116204690831557,0,2,2
0.4146341463414634,0.26362625139043383,0.48,0.9743589743589743,0.46938775510204084,0.875,0.35333333333333333,0.34256756756756757,0.792,0.5454545454545455,0.6666666666666666,0.23240938166311295,1,1,2
0.2682926829268293,0.16573971078976638,0.040000000000000036,0.3076923076923077,0.061224489795918366,0.9166666666666666,0.6533333333333333,0.4101351351351351,0.68,0.22727272727272727,0.3333333333333333,0.3049040511727079,0,2,1
0.1951219512195122,0.4048943270300334,0.5800000000000001,0.4358974358974359,0.7346938775510204,0.9583333333333334,0.4466666666666666,0.47364864864864864,0.452,0.5454545454545455,0.3333333333333333,0.30703624733475476,1,2,2
0.21951219512195122,0.7385984427141268,0.7200000000000002,0.5641025641025641,0.061224489795918366,0.0,0.56,0.4081081081081081,0.42400000000000004,0.7272727272727273,0.0,0.4914712153518124,1,0,1
0.3902439024390244,0.3159065628476085,0.0,0.8205128205128205,0.24489795918367346,0.4583333333333333,0.5800000000000001,0.4060810810810811,0.9480000000000001,0.27272727272727276,0.6666666666666666,0.4818763326226012,0,0,2
0.9024390243902439,0.26140155728587317,0.7200000000000002,0.9743589743589743,0.4897959183673469,0.125,0.5733333333333334,0.45,0.5159999999999999,0.6363636363636362,0.6666666666666666,0.16071428571428573,1,2,2
0.14634146341463414,0.2157953281423804,0.0,1.0,0.24489795918367346,0.4166666666666667,0.5,0.3527027027027027,0.6,0.22727272727272727,0.3333333333333333,0.3752665245202558,0,3,2
0.2926829268292683,0.8164627363737487,0.8199999999999998,0.4358974358974359,0.3469387755102041,0.16666666666666666,0.5133333333333333,0.4418918918918919,0.488,1.0,0.3333333333333333,0.4999999999999999,1,1,1
0.9512195121951219,0.24360400444938818,0.040000000000000036,0.20512820512820512,0.46938775510204084,0.041666666666666664,0.28,0.19527027027027027,0.736,0.5,0.3333333333333333,0.3856609808102345,0,1,1
1.0,0.3414905450500556,0.3599999999999999,0.8205128205128205,0.02040816326530612,0.6666666666666666,0.4466666666666666,0.22567567567567567,0.996,0.18181818181818177,0.3333333333333333,0.33928571428571425,0,0,2
0.1951219512195122,0.7953281423804226,0.7999999999999998,0.7948717948717948,0.9591836734693877,0.2916666666666667,0.3466666666666667,0.4283783783783784,0.608,0.31818181818181823,0.0,0.49493603411513853,1,3,1
0.6341463414634146,0.35706340378197987,0.31999999999999984,0.41025641025641024,0.6530612244897959,0.20833333333333334,0.6,0.44256756756756754,0.68,0.45454545454545453,0.0,0.3688699360341151,0,2,1
0.024390243902439025,0.1879866518353726,0.7400000000000002,0.46153846153846156,0.3673469387755102,0.8333333333333334,0.07333333333333332,0.10810810810810811,0.532,1.0,0.3333333333333333,0.10527718550106607,1,0,1
0.0975609756097561,0.5139043381535039,0.7999999999999998,0.6666666666666666,0.16326530612244897,0.3333333333333333,0.94,0.7040540540540541,0.06799999999999998,0.9090909090909091,1.0,0.3081023454157782,1,2,3
0.6829268292682927,0.2157953281423804,0.3599999999999999,0.1282051282051282,0.5510204081632653,0.5,0.43999999999999995,0.3655405405405405,0.408,0.45454545454545453,0.6666666666666666,0.23267590618336886,1,2,2
0.8780487804878049,0.3959955506117908,0.43999999999999995,0.8717948717948718,0.6938775510204082,0.4166666666666667,0.3133333333333333,0.24932432432432433,0.6559999999999999,0.18181818181818177,0.3333333333333333,0.35261194029850745,0,0,1
0.9024390243902439,0.403781979977753,0.45999999999999996,0.9230769230769231,0.7755102040816326,0.625,0.3866666666666667,0.3141891891891892,0.88,0.5,0.3333333333333333,0.3510127931769722,0,3,1
0.43902439024390244,0.6206896551724137,0.7200000000000002,0.8461538461538461,0.1836734693877551,0.625,0.5800000000000001,0.452027027027027,0.44799999999999995,0.7727272727272727,0.3333333333333333,0.4096481876332623,1,1,1
0.17073170731707318,0.8965517241379309,0.6600000000000001,0.48717948717948717,0.0,0.041666666666666664,0.36000000000000004,0.2587837837837838,0.49200000000000005,0.45454545454545453,0.3333333333333333,0.6313965884861407,1,0,2
0.0,0.28142380422691876,0.10000000000000009,0.6153846153846154,0.8367346938775511,0.375,0.6133333333333333,0.5675675675675675,0.74,0.31818181818181823,0.3333333333333333,0.3960554371002132,0,3,2
0.5121951219512195,0.503893214682981,0.7799999999999998,0.07692307692307693,0.40816326530612246,0.4583333333333333,0.18000000000000002,0.19594594594594594,0.7040000000000001,0.9545454545454545,0.0,0.3081023454157782,1,2,1
0.3902439024390244,0.3114571746384872,0.3599999999999999,0.23076923076923078,0.16326530612244897,0.2916666666666667,0.11333333333333336,0.11418918918918919,0.632,0.8636363636363635,0.0,0.31369936034115137,1,0,1
0.14634146341463414,0.14015572858731926,0.14000000000000012,0.23076923076923078,0.9387755102040817,0.4166666666666667,0.5266666666666667,0.518918918918919,0.8759999999999999,0.409090909090909,0.0,0.2404051172707889,0,1,1
0.5853658536585366,0.2591768631813125,0.54,0.5897435897435898,0.2857142857142857,0.375,0.5466666666666667,0.38716216216216215,0.628,0.818181818181818,0.3333333333333333,0.21002132196162043,1,1,2
0.07317073170731707,0.403781979977753,0.2999999999999998,0.5128205128205128,0.6938775510204082,0.5,0.4266666666666666,0.3885135135135135,0.872,0.09090909090909088,0.3333333333333333,0.4187100213219616,0,2,2
0.8536585365853658,0.23359288097886538,0.2599999999999998,0.2564102564102564,0.08163265306122448,1.0,0.02666666666666669,0.01891891891891892,0.4,0.8636363636363635,0.3333333333333333,0.2835820895522388,1,0,1
0.12195121951219512,0.30923248053392655,0.2200000000000002,0.6666666666666666,0.8163265306122449,0.6666666666666666,0.56,0.5195945945945946,0.9719999999999999,0.13636363636363638,0.0,0.3688699360341151,0,1,1
0.7317073170731707,0.8331479421579533,0.7200000000000002,0.38461538461538464,0.42857142857142855,0.25,0.5733333333333334,0.43648648648648647,0.44400000000000006,0.9545454545454545,0.3333333333333333,0.5567697228144989,1,0,1
0.43902439024390244,0.5339265850945495,0.41999999999999993,0.6410256410256411,0.8163265306122449,0.9583333333333334,0.9133333333333334,0.9074324324324324,0.08,0.9090909090909091,1.0,0.47361407249466947,1,1,3
0.926829268292683,0.3081201334816463,0.16000000000000014,0.7435897435897436,0.4489795918367347,0.08333333333333333,0.6333333333333333,0.42162162162162165,0.9080000000000001,0.18181818181818177,0.0,0.39445628997867804,0,2,1
0.6341463414634146,0.9432703003337041,0.7000000000000002,0.38461538461538464,0.12244897959183673,0.7916666666666666,0.5666666666666668,0.3641891891891892,0.576,0.9090909090909091,0.6666666666666666,0.6433901918976546,1,2,2
0.21951219512195122,0.14460511679644047,0.16000000000000014,0.15384615384615385,0.4489795918367347,0.5,0.5066666666666667,0.4,0.98,0.13636363636363638,0.6666666666666666,0.2374733475479744,0,0,2
0.6097560975609756,0.23581757508342605,0.7599999999999998,0.38461538461538464,0.8775510204081632,0.75,0.35333333333333333,0.3567567567567568,0.588,0.6363636363636362,0.3333333333333333,0.13326226012793177,1,3,1
0.43902439024390244,0.09677419354838712,0.3599999999999999,0.8717948717948718,0.4897959183673469,0.25,0.48666666666666664,0.3939189189189189,0.9480000000000001,0.04545454545454549,0.3333333333333333,0.13139658848614072,0,3,1
0.926829268292683,0.11790878754171302,0.3999999999999999,0.38461538461538464,0.5306122448979592,0.3333333333333333,0.5266666666666667,0.36824324324324326,0.924,0.36363636363636354,0.0,0.1383262260127932,0,2,1
0.04878048780487805,0.36262513904338145,0.45999999999999996,1.0,0.8163265306122449,0.75,0.5133333333333333,0.4817567567567568,0.9919999999999999,0.45454545454545453,0.3333333333333333,0.31823027718550106,0,1,2
0.2926829268292683,0.33815350389321475,0.1200000000000001,0.28205128205128205,0.10204081632653061,0.5,0.35333333333333333,0.2304054054054054,0.9719999999999999,0.409090909090909,0.6666666666666666,0.4426972281449893,0,3,2
0.6585365853658537,0.13904338153503892,0.7599999999999998,0.8717948717948718,0.673469387755102,0.875,0.3866666666666667,0.34797297297297297,0.76,0.6363636363636362,0.6666666666666666,0.06743070362473345,1,2,2
0.4634146341463415,0.403781979977753,0.54,0.5128205128205128,0.16326530612244897,0.2916666666666667,0.5733333333333334,0.4418918918918919,0.6920000000000001,0.27272727272727276,0.6666666666666666,0.32062899786780386,1,1,2
0.6585365853658537,0.013348164627363768,0.16000000000000014,0.8974358974358975,0.9795918367346939,0.875,0.6466666666666666,0.5459459459459459,0.748,0.5,0.0,0.11140724946695094,0,1,1
0.17073170731707318,0.17018909899888762,0.52,0.41025641025641024,0.6530612244897959,0.7083333333333334,0.7066666666666667,0.5966216216216216,0.22,0.5454545454545455,0.6666666666666666,0.14738805970149255,0,3,3
0.975609756097561,0.10789766407119024,0.33999999999999986,0.7948717948717948,0.10204081632653061,0.9166666666666666,0.5866666666666666,0.3195945945945946,0.8759999999999999,0.36363636363636354,0.6666666666666666,0.14658848614072492,0,2,2
0.926829268292683,0.09232480533926582,0.7400000000000002,0.1282051282051282,0.7346938775510204,0.041666666666666664,0.12000000000000004,0.15,0.792,0.818181818181818,0.3333333333333333,0.03971215351812367,1,1,1
0.0,0.48053392658509453,0.9199999999999999,0.5897435897435898,0.6122448979591837,0.7083333333333334,0.8866666666666667,0.8155405405405406,0.144,0.9090909090909091,0.6666666666666666,0.24893390191897652,1,1,3
0.04878048780487805,0.8954393770856507,0.45999999999999996,0.6666666666666666,0.673469387755102,0.7083333333333334,0.34,0.3695945945945946,0.772,0.8636363636363635,0.3333333333333333,0.7446695095948827,1,0,2
0.2926829268292683,0.907675194660734,1.0,0.48717948717948717,0.8163265306122449,0.4166666666666667,0.49333333333333335,0.5324324324324324,0.72,0.818181818181818,0.6666666666666666,0.4818763326226012,1,0,2
0.6585365853658537,0.3670745272525028,0.5,0.6153846153846154,0.5714285714285714,0.0,0.4266666666666666,0.3081081081081081,0.664,0.22727272727272727,0.6666666666666666,0.30703624733475476,0,3,2
0.5853658536585366,0.1946607341490545,0.33999999999999986,0.02564102564102564,0.2653061224489796,0.5416666666666666,0.84,0.5067567567567568,0.24799999999999997,0.5454545454545455,1.0,0.22121535181236673,0,0,3
0.7804878048780488,0.03003337041156844,0.06000000000000005,0.20512820512820512,0.7142857142857143,0.625,0.6066666666666666,0.4594594594594595,0.736,0.409090909090909,0.6666666666666666,0.15778251599147114,0,2,2
0.9024390243902439,1.0,0.45999999999999996,0.6923076923076923,0.7142857142857143,0.4166666666666667,0.12666666666666662,0.1527027027027027,0.46799999999999997,0.7272727272727273,0.3333333333333333,0.8283582089552237,1,3,1
0.12195121951219512,0.7630700778642936,0.8399999999999999,0.9487179487179487,0.2857142857142857,0.0,0.26,0.23851351351351352,0.632,0.9090909090909091,0.0,0.4568230277185501,1,3,1
0.7560975609756098,0.5406006674082313,1.0,0.05128205128205128,0.14285714285714285,0.25,0.8866666666666667,0.5722972972972973,0.196,0.9090909090909091,0.6666666666666666,0.2619936034115138,1,0,3
0.4878048780487805,0.10789766407119024,0.020000000000000018,0.48717948717948717,0.5102040816326531,0.625,0.5,0.40743243243243243,0.904,0.45454545454545453,0.3333333333333333,0.2526652452025586,0,1,1
0.36585365853658536,0.18242491657397106,0.08000000000000007,0.1282051282051282,0.7142857142857143,0.5416666666666666,0.37333333333333335,0.3506756756756757,0.768,0.0,0.3333333333333333,0.3054371002132196,0,2,1
0.4878048780487805,0.07675194660734147,0.48,0.9743589743589743,0.9591836734693877,0.5833333333333334,0.35333333333333333,0.43445945945945946,0.4,0.5,0.6666666666666666,0.08448827292110873,1,2,2
0.24390243902439024,0.34816462736373743,0.33999999999999986,0.8205128205128205,0.40816326530612246,0.5416666666666666,0.64,0.4858108108108108,0.7240000000000001,0.0,0.6666666666666666,0.35314498933901917,0,2,2
0.8780487804878049,0.35150166852057835,0.7200000000000002,0.0,0.5510204081632653,0.8333333333333334,0.4266666666666666,0.3560810810810811,0.612,0.31818181818181823,0.3333333333333333,0.2233475479744136,1,3,2
0.8536585365853658,0.4705228031145717,0.2200000000000002,0.9230769230769231,0.061224489795918366,0.4166666666666667,0.9133333333333334,0.5648648648648649,0.06399999999999999,0.9090909090909091,1.0,0.5178571428571428,1,2,3
0.8292682926829268,0.34037819799777524,0.3799999999999999,0.1282051282051282,0.30612244897959184,0.625,0.5733333333333334,0.3533783783783784,0.644,0.31818181818181823,0.3333333333333333,0.33049040511727074,0,1,1
0.43902439024390244,0.7764182424916574,0.2400000000000002,0.8461538461538461,0.42857142857142855,0.75,0.22666666666666666,0.23513513513513515,0.576,0.9090909090909091,0.3333333333333333,0.7867803837953092,1,1,1
0.4634146341463415,0.3726362625139043,0.3799999999999999,0.358974358974359,0.22448979591836735,0.6666666666666666,0.02666666666666669,0.03445945945945946,0.7,0.04545454545454549,0.0,0.357409381663113,0,0,1
0.4146341463414634,0.507230255839822,0.7000000000000002,0.6410256410256411,0.30612244897959184,0.20833333333333334,0.8533333333333334,0.6885135135135135,0.18,0.9090909090909091,1.0,0.3382196162046908,1,2,3
0.975609756097561,0.38487208008898766,0.3599999999999999,0.3333333333333333,0.7959183673469388,0.4166666666666667,0.35333333333333333,0.29324324324324325,0.64,0.22727272727272727,0.6666666666666666,0.3760660980810234,0,3,2
0.3170731707317073,0.25806451612903225,0.6000000000000001,0.15384615384615385,0.7551020408163265,0.6666666666666666,0.05999999999999998,0.10810810810810811,0.62,0.5,0.0,0.1916311300639659,0,0,1
0.34146341463414637,0.25139043381535037,0.2599999999999998,0.7692307692307693,0.8367346938775511,0.3333333333333333,0.7799999999999999,0.7033783783783784,0.2,0.5454545454545455,1.0,0.29957356076759056,0,1,3
0.7317073170731707,0.5239154616240266,0.52,0.5897435897435898,0.7346938775510204,0.7083333333333334,0.8733333333333334,0.7398648648648649,0.06399999999999999,0.9090909090909091,1.0,0.4211087420042644,1,2,3
0.0,0.4705228031145717,0.6800000000000002,0.7692307692307693,0.5714285714285714,0.6666666666666666,0.82,0.7466216216216216,0.13200000000000003,0.9090909090909091,1.0,0.3195628997867803,1,1,3
0.04878048780487805,0.27030033370411566,0.56,0.717948717948718,0.3469387755102041,0.4583333333333333,0.8066666666666666,0.5864864864864865,0.348,0.5454545454545455,0.6666666666666666,0.2124200426439232,0,0,3
0.36585365853658536,0.1523915461624027,0.31999999999999984,0.7948717948717948,0.1836734693877551,0.9166666666666666,0.5,0.3398648648648649,0.78,0.45454545454545453,0.3333333333333333,0.1910980810234541,0,1,1
0.5365853658536586,0.25583982202447164,1.0,0.41025641025641024,0.8367346938775511,0.875,0.6133333333333333,0.6445945945945946,0.672,0.6363636363636362,0.6666666666666666,0.09141791044776118,1,2,2
0.24390243902439024,0.9833147942157954,0.7200000000000002,0.3333333333333333,0.7755102040816326,0.875,0.37333333333333335,0.4175675675675676,0.544,0.818181818181818,0.6666666666666666,0.6607142857142856,1,2,2
0.2682926829268293,0.5339265850945495,0.7799999999999998,1.0,0.3469387755102041,0.16666666666666666,0.8333333333333334,0.6864864864864865,0.13200000000000003,0.9090909090909091,1.0,0.3283582089552239,1,0,3
0.21951219512195122,0.26362625139043383,0.040000000000000036,0.8974358974358975,0.0,0.4166666666666667,0.45999999999999996,0.2777027027027027,0.616,0.27272727272727276,0.6666666666666666,0.4064498933901919,0,2,2
0.7560975609756098,0.4860956618464961,0.7400000000000002,0.5897435897435898,0.7755102040816326,0.125,0.5266666666666667,0.47702702702702704,0.5559999999999999,0.36363636363636354,0.6666666666666666,0.30970149253731344,1,1,2
0.36585365853658536,0.6963292547274749,0.5,0.6666666666666666,0.40816326530612246,0.125,0.6,0.5236486486486487,0.716,0.31818181818181823,0.3333333333333333,0.564498933901919,1,1,2
0.17073170731707318,0.41935483870967744,0.10000000000000009,0.6153846153846154,0.0,0.08333333333333333,0.03333333333333336,0.018243243243243244,0.92,0.09090909090909088,0.0,0.5335820895522388,0,3,1
0.9024390243902439,0.5283648498331479,0.7599999999999998,0.7948717948717948,0.2857142857142857,0.9583333333333334,0.45999999999999996,0.32837837837837835,0.688,0.5,0.6666666666666666,0.3315565031982943,1,3,2
0.2682926829268293,0.5228031145717463,0.7200000000000002,0.4358974358974359,0.061224489795918366,0.9166666666666666,0.68,0.48986486486486486,0.04,0.9090909090909091,0.6666666666666666,0.34195095948827287,1,3,3
0.5609756097560976,0.47608453837597325,0.31999999999999984,0.4358974358974359,0.3877551020408163,1.0,0.98,0.7108108108108108,0.04799999999999997,0.9090909090909091,1.0,0.47254797441364604,1,1,3
0.6585365853658537,0.2825361512791992,0.3599999999999999,0.9230769230769231,0.1836734693877551,0.6666666666666666,0.17333333333333334,0.09324324324324325,1.0,0.5,0.3333333333333333,0.28917910447761197,0,1,1
0.17073170731707318,0.08008898776418245,0.41999999999999993,0.6410256410256411,0.4489795918367347,0.25,0.26,0.2222972972972973,0.64,0.45454545454545453,0.0,0.10181236673773987,0,0,1
0.6585365853658537,0.2024471635150167,0.3999999999999999,0.20512820512820512,0.8163265306122449,0.125,0.3,0.2574324324324324,0.672,0.22727272727272727,0.3333333333333333,0.20842217484008527,0,3,1
0.8536585365853658,0.3726362625139043,0.10000000000000009,0.8717948717948718,0.673469387755102,0.9166666666666666,0.4466666666666666,0.3398648648648649,0.652,0.27272727272727276,0.6666666666666666,0.4869402985074626,0,1,2
0.6097560975609756,0.16907675194660737,0.45999999999999996,0.1794871794871795,0.9183673469387755,0.5,0.7799999999999999,0.6331081081081081,0.26400000000000007,0.5454545454545455,1.0,0.1631130063965885,0,0,3
0.17073170731707318,0.271412680756396,0.41999999999999993,0.48717948717948717,0.9591836734693877,0.4583333333333333,0.4133333333333334,0.42702702702702705,0.684,0.13636363636363638,0.3333333333333333,0.25852878464818757,0,1,1
0.6585365853658537,0.3726362625139043,0.48,0.5384615384615384,0.6530612244897959,0.0,0.4533333333333333,0.34054054054054056,0.8,0.36363636363636354,0.6666666666666666,0.3187633262260128,0,0,2
0.6585365853658537,0.5517241379310344,0.6200000000000001,0.46153846153846156,0.673469387755102,0.8333333333333334,0.7999999999999999,0.6648648648648648,0.09600000000000002,0.9090909090909091,1.0,0.4005863539445629,1,3,3
0.8780487804878049,0.5172413793103448,0.52,0.7435897435897436,0.7755102040816326,0.75,0.6533333333333333,0.5777027027027027,0.76,0.8636363636363635,0.3333333333333333,0.4157782515991471,1,3,2
0.975609756097561,0.067853170189099,0.33999999999999986,0.6923076923076923,0.1836734693877551,0.8333333333333334,0.52,0.2972972972972973,0.612,0.13636363636363638,0.6666666666666666,0.11220682302771856,0,3,2
0.8536585365853658,0.31701890989988873,0.94,0.8717948717948718,0.3877551020408163,0.7916666666666666,0.5333333333333333,0.3993243243243243,0.528,0.27272727272727276,0.3333333333333333,0.1420575692963752,1,1,2
0.6341463414634146,0.6073414905450499,0.6800000000000002,0.2564102564102564,0.0,0.7083333333333334,0.5066666666666667,0.30067567567567566,0.64,0.7272727272727273,0.6666666666666666,0.4163113006396588,1,1,2
0.3902439024390244,0.15795328142380424,0.040000000000000036,0.7692307692307693,0.24489795918367346,0.4166666666666667,0.41999999999999993,0.2993243243243243,0.84,0.31818181818181823,0.3333333333333333,0.296908315565032,0,0,1
0.1951219512195122,0.085650723025584,0.54,0.9743589743589743,0.0,0.7916666666666666,0.4333333333333333,0.3081081081081081,0.5920000000000001,0.5454545454545455,0.3333333333333333,0.07755863539445629,1,2,2
0.7804878048780488,0.135706340378198,0.6800000000000002,0.8974358974358975,0.08163265306122448,0.08333333333333333,0.5866666666666666,0.3675675675675676,0.728,0.7272727272727273,0.6666666666666666,0.08262260127931768,1,2,2
0.4634146341463415,0.5428253615127919,0.8999999999999999,0.7435897435897436,0.30612244897959184,0.6666666666666666,0.7200000000000001,0.5878378378378378,0.012000000000000028,0.9090909090909091,1.0,0.2939765458422175,1,3,3
0.2926829268292683,0.67853170189099,0.3599999999999999,0.5641025641025641,0.2857142857142857,0.4583333333333333,0.64,0.5222972972972973,0.728,0.6363636363636362,0.6666666666666666,0.6255330490405117,1,2,2
0.6585365853658537,0.8720800889877642,0.8999999999999999,0.46153846153846156,0.9795918367346939,0.375,0.37333333333333335,0.39054054054054055,0.596,0.409090909090909,0.3333333333333333,0.5015991471215352,1,3,2
0.6829268292682927,0.08787541713014459,0.43999999999999995,0.28205128205128205,0.5510204081632653,0.2916666666666667,0.6066666666666666,0.42567567567567566,0.652,0.22727272727272727,0.3333333333333333,0.10314498933901921,0,0,1
0.2926829268292683,0.12791991101223582,0.48,0.358974358974359,0.6122448979591837,0.5833333333333334,0.3866666666666667,0.34256756756756757,0.956,0.22727272727272727,0.3333333333333333,0.12500000000000003,0,2,2
0.8292682926829268,0.4438264738598443,0.020000000000000018,0.7692307692307693,0.4489795918367347,0.16666666666666666,0.16666666666666666,0.11891891891891893,0.86,0.5,0.3333333333333333,0.6055437100213219,0,2,1
0.12195121951219512,0.9043381535038931,0.7000000000000002,0.9230769230769231,0.9591836734693877,0.125,0.14666666666666664,0.2418918918918919,0.4640000000000001,0.9545454545454545,0.0,0.6162046908315564,1,3,1
0.4146341463414634,0.4327030033370412,0.2799999999999998,0.9230769230769231,0.8979591836734694,0.8333333333333334,0.52,0.5047297297297297,0.612,0.5,0.6666666666666666,0.4536247334754797,0,0,2
0.0975609756097561,0.5394883203559511,0.2400000000000002,0.358974358974359,0.8571428571428571,0.7916666666666666,0.9199999999999999,0.927027027027027,0.027999999999999973,0.9090909090909091,1.0,0.5703624733475479,1,2,3
0.5853658536585366,0.3726362625139043,0.2599999999999998,0.717948717948718,0.32653061224489793,0.75,0.013333333333333345,0.03175675675675676,0.644,0.7727272727272727,0.3333333333333333,0.4088486140724946,1,2,1
0.024390243902439025,0.9777530589543938,0.8599999999999999,0.6410256410256411,0.9795918367346939,0.8333333333333334,0.5133333333333333,0.5878378378378378,0.47200000000000003,0.6818181818181818,0.6666666666666666,0.5868869936034116,1,2,2
0.21951219512195122,0.5394883203559511,0.96,0.02564102564102564,0.673469387755102,0.125,0.8666666666666667,0.8189189189189189,0.043999999999999984,0.9090909090909091,0.6666666666666666,0.2731876332622601,1,0,3
0.7073170731707317,0.03781979977753057,0.2400000000000002,0.48717948717948717,0.24489795918367346,0.5833333333333334,0.006666666666666672,0.0,0.612,0.36363636363636354,0.3333333333333333,0.11247334754797438,0,0,1
0.0975609756097561,0.03114571746384869,0.1200000000000001,0.358974358974359,0.2653061224489796,0.6666666666666666,0.6466666666666666,0.4560810810810811,0.8880000000000001,0.5,0.3333333333333333,0.14045842217484006,0,2,2
0.7804878048780488,0.27252502780867627,0.5800000000000001,0.07692307692307693,0.20408163265306123,0.4583333333333333,0.4466666666666666,0.30405405405405406,0.7240000000000001,0.409090909090909,0.6666666666666666,0.20815565031982938,1,3,2
0.0,0.11902113459399336,0.06000000000000005,0.5384615384615384,0.5510204081632653,0.08333333333333333,0.5266666666666667,0.4358108108108108,0.92,0.27272727272727276,0.3333333333333333,0.24893390191897652,0,3,2
0.4146341463414634,0.2135706340378198,0.31999999999999984,0.9487179487179487,0.8367346938775511,0.375,0.5333333333333333,0.572972972972973,0.452,0.7727272727272727,0.3333333333333333,0.244136460554371,1,2,1
0.7560975609756098,0.4327030033370412,0.45999999999999996,0.5641025641025641,0.6326530612244898,0.5833333333333334,0.5866666666666666,0.42905405405405406,0.96,0.36363636363636354,0.0,0.37420042643923235,0,0,1
0.24390243902439024,0.43047830923248054,0.2599999999999998,0.6410256410256411,0.6938775510204082,0.375,0.4000000000000001,0.3675675675675676,0.868,0.13636363636363638,0.3333333333333333,0.4610874200426439,0,2,2
0.4878048780487805,0.3192436040044494,0.8399999999999999,0.2564102564102564,0.6122448979591837,0.9583333333333334,0.54,0.5256756756756756,0.76,0.6818181818181818,0.6666666666666666,0.16844349680170576,1,0,2
0.6097560975609756,0.1457174638487208,0.18000000000000016,0.6923076923076923,0.32653061224489793,0.9166666666666666,0.2133333333333333,0.13445945945945945,0.78,0.45454545454545453,0.0,0.23134328358208953,0,2,1
0.5853658536585366,0.2758620689655172,0.2999999999999998,0.02564102564102564,0.9387755102040817,0.7083333333333334,0.4000000000000001,0.4060810810810811,0.576,0.5909090909090908,0.3333333333333333,0.30597014925373134,1,0,2
0.5121951219512195,0.11457174638487204,0.2200000000000002,0.1794871794871795,0.16326530612244897,0.0,0.4466666666666666,0.3013513513513513,0.9119999999999999,0.45454545454545453,0.0,0.18896588486140722,0,1,1
0.6341463414634146,0.692992213570634,0.2599999999999998,0.717948717948718,0.1836734693877551,0.08333333333333333,0.56,0.37364864864864866,0.43599999999999994,0.5,0.6666666666666666,0.6977611940298507,1,3,2
0.2926829268292683,0.2547274749721913,0.8399999999999999,0.2564102564102564,0.14285714285714285,0.8333333333333334,0.41999999999999993,0.32837837837837835,0.608,0.9545454545454545,0.0,0.12633262260127925,1,1,1
0.7804878048780488,0.1835372636262514,0.20000000000000018,0.9230769230769231,0.40816326530612246,0.4583333333333333,0.9199999999999999,0.5952702702702702,0.368,0.5454545454545455,1.0,0.25986140724946694,0,3,3
0.8048780487804879,0.38487208008898766,0.10000000000000009,0.4358974358974359,0.24489795918367346,0.0,0.13999999999999999,0.0804054054054054,0.9319999999999999,0.27272727272727276,0.0,0.4992004264392324,0,0,1
0.975609756097561,0.13348164627363737,0.5800000000000001,0.3333333333333333,1.0,0.08333333333333333,0.4133333333333334,0.4283783783783784,0.784,0.6818181818181818,0.3333333333333333,0.10421108742004263,1,1,1
0.8292682926829268,0.1345939933259177,0.33999999999999986,0.23076923076923078,0.08163265306122448,0.08333333333333333,0.6666666666666666,0.3608108108108108,0.88,0.0,0.0,0.16950959488272918,0,3,1
0.0,0.3581757508342603,0.08000000000000007,0.8717948717948718,0.10204081632653061,0.16666666666666666,0.3133333333333333,0.20472972972972972,0.684,0.09090909090909088,0.0,0.4829424307036247,0,2,1
0.4878048780487805,0.5094549499443826,0.6000000000000001,0.20512820512820512,0.5918367346938775,0.75,0.8133333333333334,0.7479729729729729,0.003999999999999986,0.9090909090909091,0.6666666666666666,0.37739872068230274,1,0,3
0.12195121951219512,0.460511679644049,0.7000000000000002,0.8717948717948718,0.6122448979591837,1.0,0.7333333333333334,0.6871621621621622,0.09600000000000002,0.9090909090909091,0.6666666666666666,0.3054371002132196,1,0,3
0.6585365853658537,0.12124582869855392,0.2999999999999998,0.2564102564102564,0.32653061224489793,0.0,0.6333333333333333,0.3945945945945946,0.804,0.36363636363636354,0.0,0.1700426439232409,0,2,1
0.3902439024390244,0.13348164627363737,0.56,0.28205128205128205,0.20408163265306123,0.125,0.5866666666666666,0.46216216216216216,0.49599999999999994,0.5454545454545455,0.6666666666666666,0.10900852878464817,1,2,2
0.0975609756097561,0.3448275862068965,0.8599999999999999,0.05128205128205128,0.3877551020408163,0.125,0.6133333333333333,0.529054054054054,0.44799999999999995,0.6363636363636362,0.6666666666666666,0.17963752665245197,1,3,2
0.7317073170731707,0.4516129032258064,0.54,0.9743589743589743,0.9591836734693877,0.6666666666666666,0.6733333333333333,0.6385135135135135,0.11600000000000002,0.9090909090909091,0.6666666666666666,0.357409381663113,1,0,3
0.0975609756097561,0.20355951056729696,0.43999999999999995,0.3333333333333333,0.16326530612244897,0.5416666666666666,0.3333333333333333,0.2277027027027027,0.904,0.04545454545454549,0.3333333333333333,0.19696162046908317,0,3,2
0.9024390243902439,0.25583982202447164,0.3999999999999999,0.6923076923076923,0.02040816326530612,0.7083333333333334,0.5466666666666667,0.2810810810810811,0.996,0.45454545454545453,0.3333333333333333,0.2526652452025586,0,2,1
0.04878048780487805,0.7897664071190211,0.8799999999999999,0.2564102564102564,0.7346938775510204,0.0,0.3466666666666667,0.3864864864864865,0.7040000000000001,0.818181818181818,0.6666666666666666,0.4576226012793176,1,0,2
0.5365853658536586,0.14015572858731926,0.31999999999999984,0.9743589743589743,0.0,0.875,0.5133333333333333,0.31013513513513513,0.9159999999999999,0.09090909090909088,0.3333333333333333,0.1804371002132196,0,2,2
0.8780487804878049,0.8498331479421579,1.0,0.6153846153846154,0.061224489795918366,0.625,0.41999999999999993,0.26013513513513514,0.648,0.7272727272727273,0.3333333333333333,0.447228144989339,1,3,1
0.8780487804878049,0.3959955506117908,0.2200000000000002,0.5128205128205128,0.7142857142857143,0.08333333333333333,0.6066666666666666,0.4594594594594595,0.996,0.45454545454545453,0.6666666666666666,0.44909381663113007,0,3,2
0.21951219512195122,0.24026696329254726,0.6000000000000001,0.23076923076923078,0.4897959183673469,0.9166666666666666,0.6533333333333333,0.5871621621621622,0.6559999999999999,0.7272727272727273,0.0,0.17830490405117272,1,3,1
0.21951219512195122,0.7563959955506118,0.6000000000000001,0.358974358974359,0.04081632653061224,0.8333333333333334,0.5866666666666666,0.4209459459459459,0.7440000000000001,0.45454545454545453,0.6666666666666666,0.5599680170575692,1,0,2
0.43902439024390244,0.21468298109010006,0.5,0.46153846153846156,0.16326530612244897,0.3333333333333333,0.32666666666666666,0.22364864864864864,0.98,0.36363636363636354,0.3333333333333333,0.1876332622601279,0,2,1
0.3902439024390244,0.3971078976640712,0.8799999999999999,0.5384615384615384,0.42857142857142855,0.9166666666666666,0.4533333333333333,0.4135135135135135,0.772,0.409090909090909,0.6666666666666666,0.20762260127931767,1,2,2
0.4878048780487805,0.18131256952169073,0.20000000000000018,0.5128205128205128,0.4489795918367347,0.125,0.47333333333333333,0.37567567567567567,0.752,0.18181818181818177,0.6666666666666666,0.25772921108742,0,3,2
0.3170731707317073,0.2024471635150167,0.45999999999999996,0.7948717948717948,0.22448979591836735,0.8333333333333334,0.4466666666666666,0.31283783783783786,0.632,0.13636363636363638,0.3333333333333333,0.19003198294243065,0,3,2
0.1951219512195122,0.17463848720800892,0.3599999999999999,0.5641025641025641,0.1836734693877551,0.16666666666666666,0.41999999999999993,0.33716216216216216,0.46799999999999997,0.6363636363636362,0.3333333333333333,0.19749466950959488,1,3,1
0.0,0.9555061179087876,0.33999999999999986,0.3076923076923077,0.673469387755102,0.4166666666666667,0.64,0.6256756756756757,0.42400000000000004,0.31818181818181823,0.3333333333333333,0.8747334754797441,1,3,2
0.2926829268292683,0.2525027808676307,0.33999999999999986,0.10256410256410256,0.8571428571428571,0.8333333333333334,0.3466666666666667,0.3533783783783784,0.644,0.5,0.6666666666666666,0.27078891257995735,0,1,2
0.07317073170731707,0.518353726362625,0.7200000000000002,0.07692307692307693,0.1836734693877551,0.3333333333333333,0.5800000000000001,0.452027027027027,0.47200000000000003,0.5,0.3333333333333333,0.33875266524520253,1,1,2
0.0,0.27252502780867627,0.6400000000000001,0.6923076923076923,0.5918367346938775,0.08333333333333333,0.4666666666666666,0.4594594594594595,0.5359999999999999,0.409090909090909,0.3333333333333333,0.1905650319829424,1,1,2
0.9512195121951219,0.4071190211345939,0.7200000000000002,0.3333333333333333,0.42857142857142855,0.20833333333333334,0.4266666666666666,0.3331081081081081,0.616,0.5909090909090908,0.6666666666666666,0.26172707889125796,1,3,2
0.7560975609756098,0.460511679644049,0.6600000000000001,0.1794871794871795,0.10204081632653061,0.9583333333333334,0.9866666666666667,0.6229729729729729,0.144,0.9090909090909091,1.0,0.3195628997867803,1,3,3
0.8048780487804879,0.2302558398220245,0.41999999999999993,0.20512820512820512,1.0,0.4166666666666667,0.4266666666666666,0.43986486486486487,0.48400000000000004,0.45454545454545453,0.0,0.22494669509594883,1,2,1
0.6585365853658537,0.19132369299221358,0.10000000000000009,0.8717948717948718,0.02040816326530612,0.3333333333333333,0.7799999999999999,0.40945945945945944,0.33599999999999997,0.5454545454545455,1.0,0.30623667377398717,0,0,3
0.7317073170731707,0.3670745272525028,0.18000000000000016,0.9230769230769231,0.5918367346938775,0.5833333333333334,0.45999999999999996,0.3344594594594595,0.88,0.27272727272727276,0.3333333333333333,0.44136460554370993,0,2,2
0.17073170731707318,0.9321468298109009,0.98,0.5128205128205128,0.02040816326530612,0.9166666666666666,0.41999999999999993,0.3033783783783784,0.6240000000000001,0.5,0.3333333333333333,0.5047974413646056,1,1,1
0.926829268292683,0.5962180200222469,0.31999999999999984,0.4358974358974359,0.6326530612244898,0.08333333333333333,0.5800000000000001,0.4871621621621622,0.76,0.31818181818181823,0.0,0.5770255863539445,1,2,1
0.6097560975609756,0.4093437152391546,0.8399999999999999,0.8205128205128205,0.8367346938775511,0.0,0.49333333333333335,0.46283783783783783,0.44400000000000006,0.45454545454545453,0.3333333333333333,0.2268123667377398,1,3,1
0.8048780487804879,0.1635150166852058,0.06000000000000005,0.1794871794871795,0.30612244897959184,0.7916666666666666,0.40666666666666673,0.25067567567567567,0.672,0.22727272727272727,0.6666666666666666,0.2945095948827292,0,1,2
0.04878048780487805,0.5817575083426029,0.8799999999999999,0.41025641025641024,0.22448979591836735,0.875,0.4266666666666666,0.35,0.5720000000000001,0.27272727272727276,0.3333333333333333,0.3251599147121535,1,1,2
0.2682926829268293,0.353726362625139,0.10000000000000009,0.7692307692307693,0.0,0.75,0.4666666666666666,0.28175675675675677,0.652,0.409090909090909,0.6666666666666666,0.46828358208955223,0,0,2
0.0,0.2992213570634038,0.14000000000000012,0.8461538461538461,0.14285714285714285,0.5416666666666666,0.38000000000000006,0.25405405405405407,0.828,0.31818181818181823,0.3333333333333333,0.39498933901918976,0,0,2
0.0975609756097561,0.09677419354838712,0.52,0.1282051282051282,0.9591836734693877,0.6666666666666666,0.5800000000000001,0.5682432432432433,0.76,0.31818181818181823,0.6666666666666666,0.09061833688699361,0,1,2
0.7073170731707317,0.2914349276974416,0.41999999999999993,0.5384615384615384,1.0,0.875,0.6133333333333333,0.597972972972973,0.512,0.6363636363636362,0.3333333333333333,0.27505330490405117,1,1,1
0.7073170731707317,0.0,0.52,0.3333333333333333,0.24489795918367346,0.5416666666666666,0.20000000000000004,0.11621621621621622,0.6679999999999999,0.31818181818181823,0.3333333333333333,0.015724946695095943,0,2,1
0.3902439024390244,0.8053392658509455,0.7000000000000002,0.05128205128205128,0.2857142857142857,0.6666666666666666,0.4533333333333333,0.3831081081081081,0.5359999999999999,0.9545454545454545,0.6666666666666666,0.546908315565032,1,1,2
0.5365853658536586,0.3337041156840934,0.10000000000000009,0.28205128205128205,0.8775510204081632,1.0,0.2333333333333333,0.2635135135135135,0.8440000000000001,0.0,0.3333333333333333,0.4482942430703624,0,3,1
0.34146341463414637,0.489432703003337,0.48,0.8974358974358975,0.14285714285714285,0.5416666666666666,0.6333333333333333,0.4797297297297297,0.632,0.27272727272727276,0.3333333333333333,0.41098081023454147,1,2,1
0.8780487804878049,0.0422691879866518,0.2999999999999998,0.28205128205128205,0.1836734693877551,0.4583333333333333,0.5266666666666667,0.3013513513513513,0.664,0.09090909090909088,0.6666666666666666,0.10047974413646053,0,3,2
0.4878048780487805,0.9265850945494993,0.2400000000000002,0.02564102564102564,0.9183673469387755,0.625,0.56,0.6168918918918919,0.44799999999999995,0.36363636363636354,0.6666666666666666,0.9237739872068229,1,3,2
0.3170731707317073,0.1991101223581757,0.1200000000000001,0.02564102564102564,0.08163265306122448,0.0,0.8666666666666667,0.5493243243243243,0.204,0.5454545454545455,1.0,0.3057036247334754,0,3,3
0.024390243902439025,0.4716351501668521,0.9199999999999999,0.358974358974359,1.0,0.5,0.9333333333333332,0.9885135135135135,0.003999999999999986,0.9090909090909091,1.0,0.24333688699360337,1,1,3
0.24390243902439024,0.49833147942157946,0.5800000000000001,0.5641025641025641,0.3673469387755102,0.20833333333333334,0.5666666666666668,0.48783783783783785,0.752,0.36363636363636354,0.6666666666666666,0.37713219616204685,1,0,2
0.926829268292683,0.7741935483870966,0.31999999999999984,0.717948717948718,0.9387755102040817,0.6666666666666666,0.5266666666666667,0.5114864864864865,0.42,0.7272727272727273,0.3333333333333333,0.7316098081023454,1,0,2
0.9024390243902439,0.5161290322580645,0.54,0.41025641025641024,0.7551020408163265,0.4583333333333333,0.3333333333333333,0.3202702702702703,0.6920000000000001,0.5909090909090908,0.3333333333333333,0.40671641791044766,1,3,2
0.8048780487804879,0.2658509454949944,0.6000000000000001,0.7948717948717948,0.20408163265306123,0.9166666666666666,0.38000000000000006,0.21824324324324323,0.9480000000000001,0.5454545454545455,0.6666666666666666,0.19722814498933897,0,1,2
0.9024390243902439,0.34260289210233585,0.2400000000000002,0.15384615384615385,0.8571428571428571,0.75,0.02666666666666669,0.06148648648648649,0.64,0.13636363636363638,0.3333333333333333,0.39072494669509594,0,2,1
0.8048780487804879,0.8375973303670744,0.33999999999999986,0.7435897435897436,0.3877551020408163,0.20833333333333334,0.5866666666666666,0.43716216216216214,0.576,0.45454545454545453,0.3333333333333333,0.773454157782516,1,3,2
0.4146341463414634,0.17018909899888762,0.1200000000000001,0.6923076923076923,0.3877551020408163,0.25,0.8066666666666666,0.597972972972973,0.392,0.5454545454545455,1.0,0.277185501066098,0,2,3
0.7073170731707317,0.37708565072302563,0.6000000000000001,0.3333333333333333,0.40816326530612246,0.0,0.5733333333333334,0.43175675675675673,0.732,1.0,0.3333333333333333,0.2795842217484008,1,2,1
0.34146341463414637,0.6373748609566184,0.9199999999999999,0.7435897435897436,0.3469387755102041,0.0,0.5733333333333334,0.48783783783783785,0.596,0.8636363636363635,0.3333333333333333,0.3467484008528784,1,1,2
0.6341463414634146,0.2269187986651835,0.2999999999999998,0.41025641025641024,1.0,0.16666666666666666,0.5133333333333333,0.44797297297297295,0.904,0.27272727272727276,0.6666666666666666,0.2630597014925373,0,1,2
0.8048780487804879,0.10344827586206892,0.2200000000000002,0.7948717948717948,0.1836734693877551,0.20833333333333334,0.5733333333333334,0.38175675675675674,0.732,0.6363636363636362,0.0,0.17857142857142855,1,0,1
0.9024390243902439,0.5761957730812013,0.56,0.1282051282051282,0.673469387755102,0.625,0.6266666666666666,0.5324324324324324,0.54,0.8636363636363635,0.3333333333333333,0.4437633262260127,1,0,1
0.7804878048780488,0.37374860956618455,0.10000000000000009,0.5897435897435898,0.5102040816326531,1.0,0.26,0.18783783783783783,0.956,0.27272727272727276,0.3333333333333333,0.48800639658848605,0,1,1
0.5609756097560976,0.07897664071190212,0.56,0.1282051282051282,0.5918367346938775,0.625,0.5066666666666667,0.422972972972973,0.588,0.409090909090909,0.3333333333333333,0.06796375266524517,1,3,1
0.34146341463414637,0.2803114571746385,0.2400000000000002,0.6666666666666666,0.16326530612244897,0.5416666666666666,0.05333333333333331,0.07094594594594594,0.612,0.8636363636363635,0.0,0.3336886993603411,1,0,1
0.7073170731707317,0.525027808676307,0.2799999999999998,0.4358974358974359,0.9183673469387755,0.0,1.0,0.8993243243243243,0.2,0.9090909090909091,0.6666666666666666,0.5357142857142857,1,2,3
1.0,0.6307007786429366,0.41999999999999993,0.5897435897435898,0.6122448979591837,0.5,0.046666666666666634,0.08108108108108109,0.736,0.6363636363636362,0.3333333333333333,0.5530383795309168,1,3,1
0.3902439024390244,0.07675194660734147,0.2200000000000002,0.9230769230769231,0.8367346938775511,0.7916666666666666,0.3466666666666667,0.35,0.7440000000000001,0.09090909090909088,0.3333333333333333,0.15378464818763324,0,2,2
0.0975609756097561,0.35706340378197987,0.2400000000000002,0.5897435897435898,0.061224489795918366,0.375,0.5866666666666666,0.3689189189189189,0.6040000000000001,0.27272727272727276,0.3333333333333333,0.4037846481876332,0,1,1
0.6829268292682927,0.25027808676307006,0.08000000000000007,0.9487179487179487,0.10204081632653061,0.9583333333333334,0.7400000000000001,0.40743243243243243,0.32400000000000007,0.5454545454545455,0.6666666666666666,0.3739339019189765,0,2,3
0.07317073170731707,0.7864293659621802,0.3799999999999999,0.8461538461538461,0.2653061224489796,0.375,0.37333333333333335,0.31891891891891894,0.68,0.5454545454545455,0.3333333333333333,0.704690831556503,1,3,1
0.21951219512195122,0.6963292547274749,0.6600000000000001,1.0,0.061224489795918366,0.3333333333333333,0.6066666666666666,0.43986486486486487,0.66,0.9090909090909091,0.3333333333333333,0.488272921108742,1,1,2
0.3902439024390244,0.27030033370411566,0.2400000000000002,0.358974358974359,0.5102040816326531,0.5,0.84,0.6574324324324324,0.392,0.5454545454545455,1.0,0.32462686567164173,0,3,3
0.21951219512195122,0.45272525027808674,0.2200000000000002,0.2564102564102564,0.9387755102040817,0.08333333333333333,0.8333333333333334,0.875,0.17200000000000004,0.9090909090909091,0.6666666666666666,0.5013326226012792,1,2,3
0.3902439024390244,0.8375973303670744,0.6200000000000001,0.5384615384615384,0.9591836734693877,0.7083333333333334,0.5733333333333334,0.6391891891891892,0.58,0.31818181818181823,0.0,0.6095415778251598,1,3,1
0.4634146341463415,0.5317018909899888,0.3799999999999999,0.5897435897435898,0.7755102040816326,0.7916666666666666,0.8733333333333334,0.8581081081081081,0.012000000000000028,0.9090909090909091,1.0,0.49093816631130055,1,1,3
0.5609756097560976,0.3815350389321468,0.2200000000000002,0.0,0.32653061224489793,0.041666666666666664,0.37333333333333335,0.2777027027027027,0.5920000000000001,0.9090909090909091,0.6666666666666666,0.435501066098081,1,2,2
0.0975609756097561,0.4282536151279199,0.3999999999999999,0.4358974358974359,0.3673469387755102,0.6666666666666666,0.5733333333333334,0.42905405405405406,0.8759999999999999,0.27272727272727276,0.6666666666666666,0.39552238805970147,0,2,2
0.8048780487804879,0.4149054505005561,0.16000000000000014,0.28205128205128205,0.9795918367346939,0.75,0.3133333333333333,0.2905405405405405,0.8440000000000001,0.22727272727272727,0.0,0.4968017057569296,0,0,1
0.12195121951219512,0.27252502780867627,0.3999999999999999,0.6923076923076923,0.10204081632653061,0.9166666666666666,0.006666666666666672,0.010810810810810811,0.816,0.09090909090909088,0.0,0.26652452025586354,0,0,1
0.024390243902439025,0.3559510567296996,0.8799999999999999,1.0,0.5714285714285714,0.5,0.4466666666666666,0.43851351351351353,0.588,0.7727272727272727,0.3333333333333333,0.18150319829424302,1,3,2
0.2926829268292683,0.4215795328142381,0.54,0.15384615384615385,0.20408163265306123,0.5,0.6066666666666666,0.4141891891891892,0.716,0.5,0.6666666666666666,0.3344882729211087,0,0,2
0.24390243902439024,0.3292547274749721,0.16000000000000014,0.5641025641025641,0.30612244897959184,0.0,0.66,0.475,0.7120000000000001,0.22727272727272727,0.3333333333333333,0.41471215351812357,0,0,2
0.5365853658536586,0.32146829810901006,0.98,0.5128205128205128,0.5918367346938775,0.041666666666666664,0.43999999999999995,0.43783783783783786,0.6,0.409090909090909,0.6666666666666666,0.13539445628997862,1,0,2
0.36585365853658536,0.06562847608453835,0.7799999999999998,0.8461538461538461,0.4897959183673469,0.0,0.6333333333333333,0.5709459459459459,0.4640000000000001,0.6363636363636362,0.3333333333333333,0.014125799573560749,1,0,2
0.7317073170731707,0.3136818687430478,0.3799999999999999,0.2564102564102564,0.7959183673469388,0.9583333333333334,0.16666666666666666,0.1581081081081081,0.736,0.45454545454545453,0.3333333333333333,0.3081023454157782,0,1,1
0.24390243902439024,0.4404894327030032,0.18000000000000016,0.5384615384615384,0.20408163265306123,0.16666666666666666,0.66,0.44932432432432434,0.728,0.0,0.3333333333333333,0.5109275053304904,0,1,2
0.36585365853658536,0.15127919911012236,0.040000000000000036,0.8717948717948718,0.12244897959183673,0.9583333333333334,0.3466666666666667,0.22972972972972974,0.836,0.36363636363636354,0.0,0.28997867803837946,0,0,1
0.17073170731707318,0.19688542825361516,0.16000000000000014,0.717948717948718,0.5102040816326531,0.08333333333333333,0.5733333333333334,0.4614864864864865,0.628,0.31818181818181823,0.3333333333333333,0.2875799573560767,0,3,2
0.07317073170731707,0.38042269187986655,0.8599999999999999,0.6923076923076923,0.42857142857142855,0.25,0.5466666666666667,0.4871621621621622,0.732,0.45454545454545453,0.3333333333333333,0.20255863539445632,1,1,2
0.9512195121951219,0.271412680756396,0.1200000000000001,0.4358974358974359,0.4897959183673469,0.9583333333333334,0.68,0.4608108108108108,0.31200000000000006,0.5454545454545455,1.0,0.376865671641791,0,0,3
0.07317073170731707,0.16573971078976638,0.56,0.3333333333333333,0.3673469387755102,0.875,0.03333333333333336,0.05202702702702703,0.868,0.22727272727272727,0.0,0.13352878464818757,0,1,1
0.5853658536585366,0.11457174638487204,0.2799999999999998,0.4358974358974359,0.6122448979591837,0.5,0.08666666666666667,0.11148648648648649,0.68,0.409090909090909,0.3333333333333333,0.1700426439232409,1,2,1
0.04878048780487805,0.07230255839822024,0.3599999999999999,0.6923076923076923,0.5102040816326531,0.9166666666666666,0.2733333333333334,0.24121621621621622,0.716,0.409090909090909,0.0,0.11087420042643922,0,1,1
0.7560975609756098,0.1979977753058954,0.98,0.5897435897435898,0.8367346938775511,0.7083333333333334,0.2866666666666667,0.2959459459459459,0.588,0.7272727272727273,0.3333333333333333,0.060767590618336864,1,1,1
0.04878048780487805,0.4783092324805339,0.6000000000000001,0.1794871794871795,0.8163265306122449,0.9583333333333334,0.19333333333333336,0.2648648648648649,0.784,0.6363636363636362,0.0,0.3544776119402985,1,3,1
0.6341463414634146,0.47274749721913234,0.5800000000000001,0.1794871794871795,0.7142857142857143,0.8333333333333334,0.6733333333333333,0.5783783783783784,0.15200000000000002,0.9090909090909091,1.0,0.3579424307036247,1,1,3
0.6829268292682927,0.29477196885428253,0.45999999999999996,0.07692307692307693,0.4489795918367347,0.25,0.40666666666666673,0.2743243243243243,0.9880000000000001,0.22727272727272727,0.3333333333333333,0.26385927505330486,0,3,1
0.7560975609756098,0.3359288097886541,0.33999999999999986,0.6666666666666666,0.9387755102040817,0.0,0.2866666666666667,0.2648648648648649,0.9,0.13636363636363638,0.3333333333333333,0.34248400852878463,0,2,1
0.43902439024390244,0.9110122358175751,0.8599999999999999,0.8974358974358975,0.24489795918367346,0.16666666666666666,0.66,0.5263513513513514,0.47200000000000003,0.8636363636363635,0.3333333333333333,0.5439765458422173,1,0,2
0.4878048780487805,0.33704115684093433,0.040000000000000036,0.10256410256410256,0.4897959183673469,0.6666666666666666,0.45999999999999996,0.37432432432432433,0.6240000000000001,0.22727272727272727,0.6666666666666666,0.4826759061833688,0,3,2
0.0975609756097561,0.0033370411568409025,0.1200000000000001,0.8205128205128205,0.02040816326530612,0.2916666666666667,0.6333333333333333,0.3878378378378378,0.8320000000000001,0.27272727272727276,0.6666666666666666,0.11300639658848609,0,1,2
0.4146341463414634,0.6829810901001112,0.52,0.8461538461538461,0.02040816326530612,0.5833333333333334,0.22666666666666666,0.17297297297297298,0.544,0.6363636363636362,0.0,0.5442430703624733,1,1,1
0.6585365853658537,0.4360400444938821,0.8999999999999999,0.7435897435897436,0.30612244897959184,0.7916666666666666,0.6466666666666666,0.45878378378378376,0.512,0.5909090909090908,0.3333333333333333,0.2268123667377398,1,3,2
1.0,0.3982202447163514,0.54,0.1794871794871795,0.16326530612244897,0.125,0.64,0.3635135135135135,0.924,0.13636363636363638,0.3333333333333333,0.31636460554371004,0,2,1
0.5121951219512195,0.35261401557285876,0.7599999999999998,0.9743589743589743,0.5510204081632653,0.041666666666666664,0.03333333333333336,0.09594594594594595,0.5479999999999999,0.31818181818181823,0.0,0.2124200426439232,1,0,1
0.4878048780487805,0.19688542825361516,0.1200000000000001,0.6410256410256411,0.24489795918367346,0.16666666666666666,0.7599999999999999,0.5263513513513514,0.26400000000000007,0.5454545454545455,1.0,0.30357142857142855,0,1,3
0.12195121951219512,0.08231368186874302,0.20000000000000018,0.9230769230769231,0.6938775510204082,0.0,0.17333333333333334,0.19054054054054054,0.94,0.04545454545454549,0.3333333333333333,0.16524520255863537,0,2,1
0.0,0.19132369299221358,0.5,0.8461538461538461,0.8163265306122449,1.0,0.5266666666666667,0.4925675675675676,0.94,0.409090909090909,0.3333333333333333,0.16950959488272918,0,0,2
0.0975609756097561,0.05339265850945492,0.43999999999999995,0.15384615384615385,0.24489795918367346,0.16666666666666666,0.6533333333333333,0.4554054054054054,0.7440000000000001,0.13636363636363638,0.6666666666666666,0.07515991471215352,0,0,2
0.975609756097561,0.5583982202447163,0.43999999999999995,1.0,0.6122448979591837,0.20833333333333334,0.26666666666666666,0.24662162162162163,0.732,0.27272727272727276,0.0,0.48427505330490395,1,1,1
0.2682926829268293,0.4994438264738599,0.43999999999999995,0.6923076923076923,0.40816326530612246,0.041666666666666664,0.86,0.7263513513513513,0.17200000000000004,0.9090909090909091,0.6666666666666666,0.4365671641791044,1,3,3
0.6097560975609756,0.6195773081201335,0.54,0.9743589743589743,0.6326530612244898,0.0,0.3866666666666667,0.34054054054054056,0.568,0.8636363636363635,0.3333333333333333,0.4858742004264392,1,1,1
0.8048780487804879,0.21134593993325917,0.2999999999999998,0.9743589743589743,0.673469387755102,0.125,0.48,0.4195945945945946,0.428,0.36363636363636354,0.3333333333333333,0.24920042643923243,1,1,2
0.3170731707317073,0.22803114571746383,0.54,0.6923076923076923,0.14285714285714285,0.25,0.8133333333333334,0.5331081081081082,0.2,0.5454545454545455,0.6666666666666666,0.18630063965884855,0,1,3
0.6097560975609756,0.15350389321468294,0.43999999999999995,0.3333333333333333,0.8163265306122449,0.875,0.35333333333333333,0.29662162162162165,0.8079999999999999,0.36363636363636354,0.6666666666666666,0.1564498933901919,0,2,2
0.6341463414634146,0.518353726362625,0.94,0.9487179487179487,0.9591836734693877,0.0,0.7733333333333333,0.7222972972972973,0.06799999999999998,0.9090909090909091,1.0,0.2662579957356076,1,3,3
0.1951219512195122,0.3648498331479421,0.33999999999999986,0.07692307692307693,0.02040816326530612,0.0,0.5800000000000001,0.3554054054054054,1.0,0.18181818181818177,0.0,0.36727078891257997,0,2,1
0.6097560975609756,0.29254727474972186,0.54,0.4358974358974359,0.7551020408163265,0.2916666666666667,0.6533333333333333,0.5020270270270271,0.9080000000000001,0.09090909090909088,0.6666666666666666,0.23560767590618334,0,1,2
0.5121951219512195,0.1779755283648498,0.20000000000000018,0.6153846153846154,0.6326530612244898,0.7916666666666666,0.26,0.24932432432432433,0.904,0.22727272727272727,0.0,0.2545309168443497,0,3,1
0.7073170731707317,0.06562847608453835,0.8599999999999999,0.15384615384615385,0.7959183673469388,0.625,0.5266666666666667,0.4810810810810811,0.784,0.22727272727272727,0.3333333333333333,0.0,1,0,2
0.3902439024390244,0.5339265850945495,0.2799999999999998,0.9487179487179487,0.5510204081632653,0.8333333333333334,0.9333333333333332,0.8331081081081081,0.17600000000000002,0.9090909090909091,0.6666666666666666,0.5437100213219616,1,3,3
0.6097560975609756,0.6006674082313681,0.5800000000000001,0.6923076923076923,0.7346938775510204,0.5,0.54,0.47905405405405405,0.528,0.8636363636363635,0.0,0.4536247334754797,1,1,1
0.8536585365853658,0.05228031145717467,0.5800000000000001,0.10256410256410256,0.8163265306122449,0.9166666666666666,0.56,0.4472972972972973,0.6679999999999999,0.27272727272727276,0.3333333333333333,0.04344349680170573,0,3,2
0.0,0.25806451612903225,0.2599999999999998,0.05128205128205128,0.0,0.9583333333333334,0.10666666666666669,0.08986486486486486,0.7,0.31818181818181823,0.3333333333333333,0.3057036247334754,1,0,1
0.17073170731707318,0.6184649610678531,0.7999999999999998,0.7692307692307693,0.8163265306122449,0.9166666666666666,0.6466666666666666,0.6695945945945946,0.552,0.409090909090909,0.6666666666666666,0.37739872068230274,1,0,2
0.8292682926829268,0.08676307007786425,0.7200000000000002,0.48717948717948717,0.1836734693877551,0.7083333333333334,0.34,0.23108108108108108,0.588,0.5909090909090908,0.3333333333333333,0.039978678038379525,1,3,2
0.34146341463414637,0.503893214682981,0.2799999999999998,0.46153846153846156,0.061224489795918366,0.7916666666666666,0.8466666666666667,0.6040540540540541,0.12799999999999997,0.9090909090909091,0.6666666666666666,0.5167910447761194,1,0,3
0.5121951219512195,0.21913236929922136,0.6600000000000001,0.2564102564102564,0.6938775510204082,0.375,0.5666666666666668,0.5675675675675675,0.764,0.36363636363636354,0.6666666666666666,0.14685501066098075,1,2,2
0.3170731707317073,0.3359288097886541,0.96,1.0,0.1836734693877551,0.4583333333333333,0.13999999999999999,0.1358108108108108,0.568,0.45454545454545453,0.0,0.1489872068230277,1,3,1
0.6097560975609756,0.36373748609566187,0.6000000000000001,0.05128205128205128,0.9387755102040817,0.0,0.19333333333333336,0.1939189189189189,0.9119999999999999,0.27272727272727276,0.3333333333333333,0.2697228144989339,0,0,1
0.6585365853658537,0.11568409343715237,0.5800000000000001,0.5641025641025641,0.20408163265306123,0.375,0.16,0.08783783783783784,0.708,0.45454545454545453,0.0,0.09088486140724947,0,0,1
0.5365853658536586,0.4638487208008899,0.48,0.15384615384615385,0.2653061224489796,0.3333333333333333,0.2733333333333334,0.24527027027027026,0.68,0.5454545454545455,0.0,0.3909914712153517,1,3,1
0.3170731707317073,0.10344827586206892,0.2400000000000002,0.5641025641025641,0.7551020408163265,0.08333333333333333,0.040000000000000036,0.1222972972972973,0.4,0.7727272727272727,0.0,0.17244136460554366,1,2,1
0.5609756097560976,0.24360400444938818,0.2799999999999998,0.15384615384615385,0.22448979591836735,0.75,0.9533333333333333,0.5641891891891891,0.37599999999999995,0.5454545454545455,0.6666666666666666,0.28491471215351816,0,3,3
0.024390243902439025,0.10122358175750835,0.3599999999999999,0.8461538461538461,0.8979591836734694,0.3333333333333333,0.6133333333333333,0.5817567567567568,0.612,0.5,0.6666666666666666,0.13539445628997862,0,0,2
0.6097560975609756,0.29477196885428253,0.6600000000000001,0.46153846153846156,0.32653061224489793,0.375,0.40666666666666673,0.3,0.684,0.409090909090909,0.3333333333333333,0.20095948827292107,1,3,2
0.3170731707317073,0.39488320355951056,0.8599999999999999,0.20512820512820512,0.30612244897959184,0.75,0.06666666666666665,0.09662162162162162,0.42,0.8636363636363635,0.0,0.21188699360341148,1,0,1
0.14634146341463414,0.5361512791991101,0.5800000000000001,0.4358974358974359,0.6938775510204082,0.625,0.84,0.8027027027027027,0.052000000000000025,0.9090909090909091,0.6666666666666666,0.40538379530916846,1,1,3
0.04878048780487805,0.3870967741935483,0.5,0.6153846153846154,0.02040816326530612,0.9583333333333334,0.5533333333333333,0.3932432432432432,0.6,0.818181818181818,0.3333333333333333,0.3224946695095949,1,3,2
0.5365853658536586,0.3581757508342603,0.20000000000000018,0.3333333333333333,0.20408163265306123,0.7083333333333334,0.24666666666666667,0.1777027027027027,0.768,0.18181818181818177,0.3333333333333333,0.42324093816631125,0,3,1
0.4146341463414634,0.253615127919911,0.2599999999999998,0.6153846153846154,0.8163265306122449,0.5416666666666666,0.6066666666666666,0.6337837837837837,0.4759999999999999,1.0,0.6666666666666666,0.3017057569296375,1,0,2
0.9024390243902439,0.4972191323692992,0.5800000000000001,0.46153846153846156,0.04081632653061224,0.08333333333333333,0.45999999999999996,0.2810810810810811,0.532,0.409090909090909,0.3333333333333333,0.3760660980810234,1,0,2
0.8292682926829268,0.8509454949944382,0.3799999999999999,0.9743589743589743,0.5714285714285714,0.041666666666666664,0.020000000000000018,0.057432432432432436,0.6920000000000001,0.409090909090909,0.0,0.7587953091684434,1,0,1
0.34146341463414637,0.4160177975528365,0.8399999999999999,0.358974358974359,0.3469387755102041,0.0,0.5933333333333333,0.5027027027027027,0.6679999999999999,0.818181818181818,0.3333333333333333,0.23134328358208953,1,0,2
0.5853658536585366,0.36596218020022253,0.2400000000000002,0.38461538461538464,0.3877551020408163,0.7083333333333334,0.4466666666666666,0.28986486486486485,0.628,0.22727272727272727,0.6666666666666666,0.412046908315565,0,3,2
0.8780487804878049,0.2046718576195773,0.18000000000000016,0.6666666666666666,0.9387755102040817,0.9583333333333334,0.3866666666666667,0.34054054054054056,0.9,0.18181818181818177,0.0,0.2873134328358209,0,0,1
0.6585365853658537,0.27030033370411566,0.08000000000000007,1.0,0.2653061224489796,0.3333333333333333,0.7799999999999999,0.4702702702702703,0.21200000000000002,0.5454545454545455,0.6666666666666666,0.3941897654584221,0,3,3
0.21951219512195122,0.5483870967741935,0.7400000000000002,0.23076923076923078,0.673469387755102,0.5,0.7466666666666667,0.7162162162162162,0.10799999999999997,0.9090909090909091,1.0,0.3523454157782515,1,2,3
0.926829268292683,0.5583982202447163,0.2200000000000002,0.07692307692307693,0.9795918367346939,0.041666666666666664,0.5866666666666666,0.5709459459459459,0.504,0.36363636363636354,0.3333333333333333,0.5991471215351811,1,3,2
0.3902439024390244,0.21134593993325917,0.2400000000000002,0.46153846153846156,0.6122448979591837,0.25,0.41999999999999993,0.3675675675675676,0.836,0.409090909090909,0.6666666666666666,0.27078891257995735,0,0,2
0.926829268292683,0.20800889877641826,0.7200000000000002,0.6923076923076923,0.7959183673469388,0.625,0.39333333333333337,0.375,0.504,0.818181818181818,0.3333333333333333,0.12393390191897649,1,0,2
0.5121951219512195,0.9733036707452725,0.6400000000000001,0.5128205128205128,0.8367346938775511,0.8333333333333334,0.5066666666666667,0.5493243243243243,0.792,0.6818181818181818,0.3333333333333333,0.6974946695095948,1,2,2
0.6097560975609756,0.318131256952169,0.040000000000000036,0.3333333333333333,0.3469387755102041,0.75,0.6133333333333333,0.3864864864864865,0.7240000000000001,0.5,0.6666666666666666,0.46295309168443494,0,3,2
0.5853658536585366,0.18576195773081203,0.06000000000000005,0.8205128205128205,0.5918367346938775,1.0,0.38000000000000006,0.2797297297297297,0.696,0.18181818181818177,0.3333333333333333,0.31716417910447753,0,2,1
0.3902439024390244,0.27252502780867627,0.56,0.23076923076923078,0.4897959183673469,0.5833333333333334,0.5533333333333333,0.44256756756756754,0.7120000000000001,0.13636363636363638,0.6666666666666666,0.21428571428571425,0,3,2
0.2926829268292683,0.24026696329254726,0.040000000000000036,0.46153846153846156,0.3673469387755102,0.875,0.8533333333333334,0.625,0.38,0.5454545454545455,0.6666666666666666,0.38219616204690826,0,0,3
0.4634146341463415,0.39043381535038924,0.6400000000000001,0.7435897435897436,0.14285714285714285,0.4166666666666667,0.48666666666666664,0.37567567567567567,0.6559999999999999,0.7727272727272727,0.6666666666666666,0.27585287846481876,1,3,2
0.5853658536585366,0.43715239154616237,0.8599999999999999,0.5384615384615384,0.5510204081632653,0.0,0.48,0.3952702702702703,0.6920000000000001,0.818181818181818,0.0,0.23907249466950956,1,0,1
0.07317073170731707,0.36262513904338145,0.3599999999999999,0.05128205128205128,0.14285714285714285,0.8333333333333334,0.45999999999999996,0.30608108108108106,0.9680000000000001,0.13636363636363638,0.3333333333333333,0.3571428571428571,0,0,2
0.21951219512195122,0.40823136818687433,0.3999999999999999,0.9230769230769231,0.6122448979591837,0.25,0.30666666666666664,0.3304054054054054,0.764,0.27272727272727276,0.3333333333333333,0.3789978678038379,1,1,1
0.04878048780487805,0.04671857619577311,0.2200000000000002,0.4358974358974359,0.04081632653061224,0.7916666666666666,0.3866666666666667,0.24054054054054055,0.8959999999999999,0.45454545454545453,0.0,0.12606609808102345,0,1,1
0.975609756097561,0.1835372636262514,0.3999999999999999,0.2564102564102564,0.04081632653061224,0.2916666666666667,0.16,0.06959459459459459,0.68,0.5454545454545455,0.0,0.19269722814498932,0,3,1
0.4146341463414634,0.6774193548387097,0.2599999999999998,0.02564102564102564,0.8775510204081632,0.375,0.4000000000000001,0.4614864864864865,0.736,0.7272727272727273,0.0,0.6839019189765457,1,0,1
0.8536585365853658,0.17575083426028917,0.10000000000000009,0.28205128205128205,0.42857142857142855,0.16666666666666666,0.4133333333333334,0.2756756756756757,0.68,0.13636363636363638,0.6666666666666666,0.2907782515991471,0,2,2
0.5121951219512195,0.20355951056729696,0.8599999999999999,0.1282051282051282,0.32653061224489793,0.3333333333333333,0.5666666666666668,0.4777027027027027,0.696,1.0,0.6666666666666666,0.08875266524520255,1,0,2
0.8048780487804879,0.09566184649610679,0.54,1.0,0.7142857142857143,1.0,0.6466666666666666,0.5574324324324325,0.6759999999999999,0.9090909090909091,0.0,0.08502132196162045,1,2,1
0.17073170731707318,0.4638487208008899,0.8999999999999999,0.717948717948718,0.32653061224489793,1.0,0.96,0.7756756756756756,0.15200000000000002,0.9090909090909091,0.6666666666666666,0.2444029850746268,1,3,3
0.9512195121951219,0.507230255839822,0.3799999999999999,0.7435897435897436,0.2653061224489796,0.0,0.84,0.5783783783783784,0.10799999999999997,0.9090909090909091,1.0,0.4704157782515991,1,3,3
0.43902439024390244,0.22246941045606228,0.43999999999999995,0.02564102564102564,0.16326530612244897,0.041666666666666664,0.7533333333333333,0.5,0.32799999999999996,0.5454545454545455,1.0,0.2121535181236674,0,2,3
1.0,0.9610678531701891,0.3799999999999999,0.20512820512820512,0.5918367346938775,0.75,0.49333333333333335,0.4135135135135135,0.78,0.6363636363636362,0.3333333333333333,0.851279317697228,1,2,1
0.975609756097561,0.3937708565072303,0.56,0.02564102564102564,0.40816326530612246,0.5416666666666666,0.3666666666666667,0.24256756756756756,0.64,0.45454545454545453,0.6666666666666666,0.30597014925373134,0,0,2
0.8780487804878049,0.2691879866518354,0.3799999999999999,0.717948717948718,0.22448979591836735,0.7916666666666666,0.7933333333333333,0.46824324324324323,0.26,0.5454545454545455,0.6666666666666666,0.27078891257995735,0,3,3
0.12195121951219512,0.2803114571746385,0.2400000000000002,0.8205128205128205,0.7346938775510204,0.375,0.5800000000000001,0.5175675675675676,0.8440000000000001,0.45454545454545453,0.3333333333333333,0.3336886993603411,0,0,2
0.6097560975609756,0.33481646273637367,0.31999999999999984,0.23076923076923078,0.6326530612244898,0.3333333333333333,0.32666666666666666,0.25,0.9840000000000001,0.5,0.0,0.34968017057569295,0,2,1
0.8048780487804879,0.6963292547274749,0.54,0.8461538461538461,0.20408163265306123,0.375,0.47333333333333333,0.3216216216216216,0.44,0.8636363636363635,0.0,0.5445095948827292,1,1,1
0.12195121951219512,0.7474972191323693,0.8599999999999999,0.1794871794871795,0.3877551020408163,0.20833333333333334,0.4333333333333333,0.3891891891891892,0.408,0.7272727272727273,0.6666666666666666,0.43869936034115137,1,1,2
0.8780487804878049,0.1835372636262514,0.5,0.9230769230769231,0.6938775510204082,0.6666666666666666,0.84,0.6195945945945946,0.21200000000000002,0.5454545454545455,1.0,0.16337953091684432,0,1,3
0.7804878048780488,0.24026696329254726,0.5,0.8205128205128205,0.9387755102040817,1.0,0.48,0.41081081081081083,0.62,0.31818181818181823,0.6666666666666666,0.20762260127931767,0,2,2
0.5121951219512195,0.4638487208008899,0.5,0.1282051282051282,0.9183673469387755,0.20833333333333334,0.5466666666666667,0.6047297297297297,0.764,0.5909090909090908,0.6666666666666666,0.38272921108742,1,0,2
0.4878048780487805,0.4071190211345939,0.16000000000000014,1.0,0.20408163265306123,0.125,0.16,0.12027027027027028,0.8880000000000001,0.36363636363636354,0.0,0.4893390191897654,0,3,1
0.12195121951219512,0.8542825361512791,0.5800000000000001,0.46153846153846156,0.14285714285714285,0.7916666666666666,0.3333333333333333,0.2668918918918919,0.672,0.8636363636363635,0.6666666666666666,0.6431236673773988,1,2,2
0.12195121951219512,0.2235817575083426,0.18000000000000016,0.7948717948717948,0.061224489795918366,0.08333333333333333,0.8666666666666667,0.5432432432432432,0.30400000000000005,0.5454545454545455,0.6666666666666666,0.3051705756929637,0,1,3
0.07317073170731707,0.5973303670745272,0.45999999999999996,0.6666666666666666,0.5306122448979592,0.9166666666666666,0.3333333333333333,0.33783783783783783,0.7120000000000001,0.9545454545454545,0.0,0.5061300639658848,1,0,1
0.7073170731707317,0.017797552836484997,0.16000000000000014,0.0,0.8775510204081632,0.75,0.35333333333333333,0.30608108108108106,0.664,0.27272727272727276,0.6666666666666666,0.11567164179104476,0,3,2
0.24390243902439024,0.16796440489432704,0.5800000000000001,0.8205128205128205,0.7959183673469388,0.7083333333333334,0.9933333333333333,0.8641891891891892,0.28,0.5454545454545455,1.0,0.13006396588486138,0,3,3
0.7073170731707317,0.9688542825361511,0.52,1.0,0.7551020408163265,0.9583333333333334,0.13999999999999999,0.16824324324324325,0.596,0.6818181818181818,0.0,0.7651918976545842,1,2,1
0.7317073170731707,0.32369299221357056,0.20000000000000018,0.7948717948717948,0.9387755102040817,0.125,0.56,0.47162162162162163,0.644,0.22727272727272727,0.6666666666666666,0.3909914712153517,0,2,2
0.5609756097560976,0.29810901001112344,0.48,0.10256410256410256,0.5918367346938775,0.2916666666666667,0.56,0.40202702702702703,0.768,0.36363636363636354,0.3333333333333333,0.25959488272921105,0,3,1
0.1951219512195122,0.9510567296996663,0.52,0.41025641025641024,0.8775510204081632,0.6666666666666666,0.4333333333333333,0.4918918918918919,0.528,0.7272727272727273,0.6666666666666666,0.7515991471215352,1,3,2
0.04878048780487805,0.34816462736373743,0.16000000000000014,0.1794871794871795,0.9591836734693877,0.16666666666666666,0.38000000000000006,0.39864864864864863,0.616,0.0,0.3333333333333333,0.4328358208955223,0,1,2
0.7317073170731707,0.9922135706340376,0.2200000000000002,0.8461538461538461,0.9591836734693877,0.5,0.37333333333333335,0.38716216216216215,0.45599999999999996,0.6363636363636362,0.6666666666666666,1.0,1,3,2
0.9512195121951219,0.6262513904338153,0.7200000000000002,0.20512820512820512,0.5306122448979592,1.0,0.4000000000000001,0.3324324324324324,0.7040000000000001,0.31818181818181823,0.3333333333333333,0.41364605543710015,1,2,2
0.8780487804878049,0.30589543937708563,0.08000000000000007,0.5641025641025641,0.40816326530612246,0.0,0.14666666666666664,0.10202702702702703,0.608,0.0,0.3333333333333333,0.43017057569296374,0,0,1
0.8536585365853658,0.271412680756396,0.10000000000000009,0.8717948717948718,0.3877551020408163,0.5,0.8466666666666667,0.5432432432432432,0.38799999999999996,0.5454545454545455,0.6666666666666666,0.3861940298507462,0,1,3
0.5609756097560976,0.2769744160177976,0.14000000000000012,0.15384615384615385,0.061224489795918366,0.125,0.36000000000000004,0.18445945945945946,0.6359999999999999,0.409090909090909,0.6666666666666666,0.37340085287846475,0,1,2
0.7317073170731707,0.13681868743047826,0.31999999999999984,0.358974358974359,0.20408163265306123,0.875,0.16,0.08783783783783784,0.92,0.13636363636363638,0.3333333333333333,0.1775053304904051,0,3,1
0.12195121951219512,0.18576195773081203,0.10000000000000009,0.48717948717948717,0.24489795918367346,0.9583333333333334,0.5866666666666666,0.41081081081081083,0.96,0.18181818181818177,0.6666666666666666,0.3006396588486141,0,0,2
0.024390243902439025,0.07563959955506114,0.2599999999999998,0.6153846153846154,0.16326530612244897,0.5416666666666666,0.5666666666666668,0.37905405405405407,0.976,0.04545454545454549,0.6666666666666666,0.14099147121535177,0,1,2
0.4634146341463415,0.33704115684093433,0.54,0.05128205128205128,0.061224489795918366,0.08333333333333333,0.34,0.21486486486486486,0.9480000000000001,0.09090909090909088,0.0,0.2697228144989339,0,2,1
0.6585365853658537,0.453837597330367,0.52,0.5897435897435898,0.22448979591836735,0.16666666666666666,0.7999999999999999,0.5398648648648648,0.056000000000000015,0.9090909090909091,0.6666666666666666,0.36673773987206815,1,3,3
0.24390243902439024,0.1779755283648498,0.0,0.8461538461538461,0.16326530612244897,0.25,0.96,0.6344594594594595,0.26799999999999996,0.5454545454545455,1.0,0.33502132196162043,0,2,3
0.07317073170731707,0.6807563959955506,0.6800000000000002,0.5384615384615384,0.24489795918367346,0.0,0.5333333333333333,0.4331081081081081,0.5720000000000001,0.818181818181818,0.0,0.46828358208955223,1,3,1
0.34146341463414637,0.1846496106785317,0.14000000000000012,0.2564102564102564,0.9591836734693877,0.9166666666666666,0.7666666666666666,0.7263513513513513,0.22799999999999998,0.5454545454545455,0.6666666666666666,0.2835820895522388,0,1,3
0.12195121951219512,0.010011123470522786,0.5,0.1794871794871795,0.5102040816326531,0.4583333333333333,0.2133333333333333,0.1966216216216216,0.608,0.27272727272727276,0.3333333333333333,0.02771855010660978,0,3,1
0.7073170731707317,0.9766407119021133,0.2999999999999998,0.9743589743589743,0.7551020408163265,0.4166666666666667,0.18000000000000002,0.19932432432432431,0.748,0.9090909090909091,0.0,0.9227078891257994,1,0,1
0.9024390243902439,0.10344827586206892,0.52,0.8717948717948718,0.8367346938775511,0.9583333333333334,0.52,0.42162162162162165,0.82,0.22727272727272727,0.0,0.09594882729211085,0,2,1
0.024390243902439025,0.27030033370411566,0.2599999999999998,0.9487179487179487,0.24489795918367346,0.2916666666666667,0.9133333333333334,0.629054054054054,0.32,0.5454545454545455,1.0,0.3166311300639658,0,0,3
0.34146341463414637,0.10344827586206892,0.2400000000000002,0.1794871794871795,0.7755102040816326,1.0,0.4533333333333333,0.48783783783783785,0.772,0.45454545454545453,0.3333333333333333,0.17244136460554366,1,2,2
0.24390243902439024,0.25583982202447164,0.2400000000000002,0.9230769230769231,0.5510204081632653,0.20833333333333334,0.12000000000000004,0.1331081081081081,0.868,0.18181818181818177,0.0,0.31156716417910446,0,2,1
0.17073170731707318,0.01223581757508344,0.33999999999999986,0.6666666666666666,0.3673469387755102,0.875,0.35333333333333333,0.2756756756756757,0.8759999999999999,0.409090909090909,0.3333333333333333,0.06449893390191896,0,3,2
0.6097560975609756,0.005561735261401557,0.48,0.6923076923076923,0.46938775510204084,0.041666666666666664,0.6666666666666666,0.4472972972972973,0.9159999999999999,0.31818181818181823,0.3333333333333333,0.028251599147121546,0,1,2
0.0975609756097561,0.3448275862068965,0.2400000000000002,1.0,0.3673469387755102,0.75,0.2733333333333334,0.26216216216216215,0.44799999999999995,0.9090909090909091,0.0,0.39259061833688697,1,1,1
0.12195121951219512,0.23248053392658508,0.2400000000000002,0.8461538461538461,0.9795918367346939,0.7916666666666666,0.7266666666666667,0.697972972972973,0.272,0.5454545454545455,1.0,0.2902452025586354,0,0,3
0.6097560975609756,0.27474972191323693,0.31999999999999984,0.7948717948717948,0.24489795918367346,0.7916666666666666,0.9199999999999999,0.55,0.392,0.5454545454545455,0.6666666666666666,0.2974413646055437,0,3,3
0.07317073170731707,0.12235817575083426,0.41999999999999993,0.358974358974359,0.24489795918367346,0.9583333333333334,0.38000000000000006,0.2722972972972973,0.9680000000000001,0.31818181818181823,0.3333333333333333,0.13646055437100216,0,1,2
0.43902439024390244,0.19688542825361516,0.54,0.41025641025641024,0.5510204081632653,0.5416666666666666,0.7666666666666666,0.6148648648648649,0.37599999999999995,0.5454545454545455,0.6666666666666666,0.16257995735607678,0,2,3
0.4634146341463415,0.41045606229143494,0.6400000000000001,0.8205128205128205,0.02040816326530612,0.0,0.66,0.46554054054054056,0.58,0.5909090909090908,0.6666666666666666,0.29051172707889117,1,2,2
0.7804878048780488,0.45050055617352613,0.54,0.38461538461538464,0.1836734693877551,0.375,0.9,0.5932432432432433,0.17200000000000004,0.9090909090909091,0.6666666666666666,0.3566098081023454,1,3,3
0.4634146341463415,0.37041156840934364,0.48,0.717948717948718,0.42857142857142855,0.625,0.35333333333333333,0.28581081081081083,0.62,0.409090909090909,0.3333333333333333,0.31689765458422176,0,0,2
0.2682926829268293,0.10011123470522802,0.14000000000000012,0.20512820512820512,0.24489795918367346,0.125,0.5533333333333333,0.3885135135135135,0.66,0.5,0.3333333333333333,0.20149253731343278,0,3,2
0.0,0.828698553948832,0.94,0.8205128205128205,0.16326530612244897,0.4166666666666667,0.35333333333333333,0.2851351351351351,0.5640000000000001,0.5,0.3333333333333333,0.4578891257995735,1,0,1
0.6097560975609756,0.45606229143492766,0.56,0.717948717948718,0.6530612244897959,0.625,0.7200000000000001,0.5986486486486486,0.09600000000000002,0.9090909090909091,1.0,0.3528784648187633,1,3,3
0.3170731707317073,0.15016685205784203,0.52,0.3076923076923077,0.2653061224489796,0.7916666666666666,0.48,0.34324324324324323,0.7040000000000001,0.13636363636363638,0.6666666666666666,0.13192963752665243,0,2,2
0.9024390243902439,0.1345939933259177,0.3599999999999999,0.5128205128205128,0.9591836734693877,0.0,0.18000000000000002,0.22567567567567567,0.544,0.6818181818181818,0.3333333333333333,0.1636460554371002,1,3,1
0.8780487804878049,0.33481646273637367,0.040000000000000036,0.5128205128205128,0.3877551020408163,0.625,0.17333333333333334,0.11621621621621622,0.664,0.27272727272727276,0.0,0.4802771855010661,0,1,1
0.24390243902439024,0.5216907675194661,0.56,0.10256410256410256,0.2857142857142857,0.75,0.5266666666666667,0.43783783783783786,0.596,1.0,0.6666666666666666,0.4027185501066098,1,1,2
0.8536585365853658,0.37152391546162405,0.52,0.23076923076923078,0.6326530612244898,0.8333333333333334,0.39333333333333337,0.34594594594594597,0.716,0.5909090909090908,0.3333333333333333,0.30330490405117266,1,3,2
0.2926829268292683,0.5561735261401557,0.31999999999999984,0.1282051282051282,0.6530612244897959,0.875,0.5466666666666667,0.5412162162162162,0.664,0.27272727272727276,0.6666666666666666,0.5421108742004263,1,0,2
0.04878048780487805,0.5083426028921023,0.8399999999999999,0.3076923076923077,0.32653061224489793,0.3333333333333333,0.8133333333333334,0.6648648648648648,0.02,0.9090909090909091,1.0,0.2913113006396588,1,0,3
0.7804878048780488,0.33815350389321475,0.10000000000000009,0.0,0.46938775510204084,0.3333333333333333,0.15333333333333332,0.11283783783783784,0.7959999999999999,0.5454545454545455,0.0,0.4525586353944563,0,2,1
0.12195121951219512,0.19688542825361516,0.41999999999999993,0.48717948717948717,0.5918367346938775,0.3333333333333333,0.4333333333333333,0.43175675675675673,0.68,0.8636363636363635,0.3333333333333333,0.19749466950959488,1,2,2
0.21951219512195122,0.3971078976640712,0.52,0.1794871794871795,0.24489795918367346,0.6666666666666666,0.12000000000000004,0.12905405405405404,0.612,0.36363636363636354,0.3333333333333333,0.3230277185501066,1,0,1
0.0975609756097561,0.24249165739710785,0.040000000000000036,0.23076923076923078,0.9387755102040817,0.4583333333333333,0.8866666666666667,0.8216216216216217,0.28,0.5454545454545455,1.0,0.38459488272921105,0,3,3
0.5365853658536586,0.44827586206896547,0.52,0.20512820512820512,0.9591836734693877,1.0,0.7533333333333333,0.8067567567567567,0.12399999999999999,0.9090909090909091,1.0,0.36247334754797444,1,2,3
0.21951219512195122,0.7152391546162402,0.3599999999999999,0.05128205128205128,0.30612244897959184,0.5,0.52,0.43716216216216214,0.7879999999999999,0.9090909090909091,0.3333333333333333,0.6564498933901919,1,0,2
0.024390243902439025,0.28587319243604004,0.16000000000000014,0.2564102564102564,0.02040816326530612,0.2916666666666667,0.64,0.3918918918918919,0.6359999999999999,0.18181818181818177,0.3333333333333333,0.3731343283582089,0,0,2
0.2926829268292683,0.89321468298109,0.9199999999999999,0.28205128205128205,0.32653061224489793,0.625,0.10666666666666669,0.12905405405405404,0.5559999999999999,0.5,0.0,0.5063965884861407,1,3,1
0.9512195121951219,0.13236929922135704,0.14000000000000012,0.23076923076923078,0.6326530612244898,0.7083333333333334,0.3666666666666667,0.27702702702702703,0.764,0.5,0.3333333333333333,0.23294243070362466,0,1,2
0.024390243902439025,0.21245828698553948,0.14000000000000012,0.6153846153846154,0.8571428571428571,0.0,0.7666666666666666,0.697972972972973,0.31599999999999995,0.5454545454545455,1.0,0.31076759061833686,0,0,3
0.4634146341463415,0.2992213570634038,0.5,0.6153846153846154,0.14285714285714285,0.0,0.5866666666666666,0.38716216216216215,0.66,0.27272727272727276,0.6666666666666666,0.25373134328358204,0,2,2
0.0,0.2992213570634038,0.5,0.2564102564102564,0.04081632653061224,0.4583333333333333,0.2933333333333333,0.18243243243243243,0.672,0.09090909090909088,0.0,0.25373134328358204,0,3,1
0.8780487804878049,0.43047830923248054,0.31999999999999984,0.8974358974358975,0.22448979591836735,0.20833333333333334,0.6133333333333333,0.4175675675675676,0.5159999999999999,0.5,0.3333333333333333,0.4328358208955223,1,3,2
0.1951219512195122,0.24916573971078973,0.2200000000000002,0.9743589743589743,0.3877551020408163,0.3333333333333333,0.9199999999999999,0.6783783783783783,0.392,0.5454545454545455,0.6666666666666666,0.31316631130063965,0,3,3
0.3902439024390244,0.6907675194660733,0.41999999999999993,0.6410256410256411,0.30612244897959184,0.9166666666666666,0.30666666666666664,0.27702702702702703,0.6920000000000001,0.7727272727272727,0.0,0.6023454157782516,1,1,1
0.1951219512195122,0.13236929922135704,1.0,0.3333333333333333,0.2653061224489796,0.16666666666666666,0.16666666666666666,0.1662162162162162,0.664,0.36363636363636354,0.0,0.017324093816631136,1,1,1
0.24390243902439024,0.20355951056729696,1.0,0.9743589743589743,0.30612244897959184,0.625,0.5466666666666667,0.4574324324324324,0.728,0.6818181818181818,0.6666666666666666,0.05996801705756929,1,2,2
0.34146341463414637,0.5539488320355951,0.8399999999999999,1.0,0.9795918367346939,0.7083333333333334,0.9533333333333333,1.0,0.023999999999999987,0.9090909090909091,0.6666666666666666,0.32089552238805963,1,2,3
0.5609756097560976,0.6796440489432702,0.6600000000000001,0.0,0.8571428571428571,0.6666666666666666,0.19333333333333336,0.22364864864864864,0.7440000000000001,0.7727272727272727,0.0,0.47627931769722814,1,3,1
0.9024390243902439,0.8743047830923247,0.43999999999999995,0.07692307692307693,0.9795918367346939,0.7083333333333334,0.18000000000000002,0.2277027027027027,0.6359999999999999,0.5,0.3333333333333333,0.7401385927505331,1,2,1
0.8292682926829268,0.49833147942157946,0.7000000000000002,0.7435897435897436,0.6530612244897959,0.0,0.45999999999999996,0.4,0.5359999999999999,0.7727272727272727,0.0,0.332089552238806,1,0,1
0.7073170731707317,0.44493882091212456,0.54,0.28205128205128205,0.5918367346938775,0.75,0.14666666666666664,0.15405405405405406,0.728,0.9090909090909091,0.3333333333333333,0.3523454157782515,1,1,1
0.7317073170731707,0.36818687430478303,0.6600000000000001,0.8717948717948718,0.22448979591836735,0.875,0.3666666666666667,0.2554054054054054,0.72,0.5909090909090908,0.6666666666666666,0.25346481876332616,1,3,2
0.0975609756097561,0.8598442714126807,0.3599999999999999,0.3076923076923077,0.2857142857142857,0.2916666666666667,0.49333333333333335,0.41283783783783784,0.74,0.5454545454545455,0.3333333333333333,0.7793176972281449,1,3,2
0.3170731707317073,0.4160177975528365,0.41999999999999993,0.7692307692307693,0.3469387755102041,0.08333333333333333,0.5066666666666667,0.3783783783783784,0.648,0.13636363636363638,0.6666666666666666,0.37713219616204685,0,0,2
0.24390243902439024,0.36596218020022253,0.33999999999999986,0.9487179487179487,0.5510204081632653,1.0,0.41999999999999993,0.3567567567567568,0.9880000000000001,0.31818181818181823,0.3333333333333333,0.3683368869936034,0,0,2
0.1951219512195122,0.3470522803114572,0.0,0.5641025641025641,0.4489795918367347,0.16666666666666666,0.4333333333333333,0.34662162162162163,0.9840000000000001,0.5,0.0,0.5149253731343283,0,0,1
0.8048780487804879,0.5361512791991101,0.2400000000000002,0.07692307692307693,0.2653061224489796,0.9166666666666666,0.7066666666666667,0.4891891891891892,0.07200000000000002,0.9090909090909091,0.6666666666666666,0.5674307036247334,1,0,3
0.2682926829268293,0.3959955506117908,0.6000000000000001,0.38461538461538464,0.5918367346938775,0.2916666666666667,0.54,0.45472972972972975,0.628,0.18181818181818177,0.6666666666666666,0.29344349680170567,0,3,2
0.8292682926829268,0.1991101223581757,0.1200000000000001,0.15384615384615385,0.6530612244897959,0.75,0.7733333333333333,0.5621621621621622,0.23200000000000004,0.5454545454545455,0.6666666666666666,0.3057036247334754,0,1,3
0.8292682926829268,0.34037819799777524,0.16000000000000014,0.5384615384615384,0.8979591836734694,0.7083333333333334,0.3466666666666667,0.30405405405405406,0.996,0.22727272727272727,0.3333333333333333,0.4253731343283582,0,1,2
0.0,0.8743047830923247,0.2799999999999998,0.717948717948718,0.2857142857142857,0.7083333333333334,0.2933333333333333,0.2635135135135135,0.6240000000000001,0.5454545454545455,0.3333333333333333,0.8470149253731343,1,0,1
0.9512195121951219,0.17463848720800892,0.98,0.2564102564102564,0.12244897959183673,0.8333333333333334,0.41999999999999993,0.2716216216216216,0.544,0.6818181818181818,0.3333333333333333,0.046641791044776115,1,2,2
0.5121951219512195,0.692992213570634,0.8799999999999999,0.8205128205128205,0.2857142857142857,0.0,0.26,0.23851351351351352,0.5159999999999999,0.409090909090909,0.3333333333333333,0.3960554371002132,1,3,1
0.6829268292682927,0.36262513904338145,0.7400000000000002,0.717948717948718,0.8367346938775511,0.5833333333333334,0.54,0.5006756756756757,0.504,0.8636363636363635,0.6666666666666666,0.22494669509594883,1,1,2
0.17073170731707318,0.2647385984427141,0.3599999999999999,0.9743589743589743,0.9183673469387755,0.7083333333333334,0.3,0.325,0.8640000000000001,0.18181818181818177,0.0,0.27398720682302774,0,0,1
0.24390243902439024,0.30367074527252497,0.33999999999999986,0.28205128205128205,0.7551020408163265,1.0,0.07333333333333332,0.11891891891891893,0.768,0.36363636363636354,0.3333333333333333,0.3147654584221748,0,2,1
0.975609756097561,0.21468298109010006,0.16000000000000014,0.15384615384615385,0.9183673469387755,0.25,0.98,0.7837837837837838,0.392,0.5454545454545455,0.6666666666666666,0.304637526652452,0,2,3
0.8780487804878049,0.3414905450500556,0.14000000000000012,0.9743589743589743,0.8775510204081632,0.625,0.4266666666666666,0.3601351351351351,0.872,0.27272727272727276,0.3333333333333333,0.4360341151385927,0,0,1
0.3170731707317073,0.5216907675194661,0.3799999999999999,0.6410256410256411,0.20408163265306123,0.625,0.8133333333333334,0.6263513513513513,0.16,0.9090909090909091,0.6666666666666666,0.4826759061833688,1,3,3
0.7073170731707317,0.6473859844271412,0.7999999999999998,1.0,0.5714285714285714,0.5833333333333334,0.17333333333333334,0.17162162162162162,0.5159999999999999,0.6818181818181818,0.3333333333333333,0.3965884861407249,1,1,1
0.8292682926829268,0.2625139043381535,0.2400000000000002,0.20512820512820512,0.6122448979591837,0.20833333333333334,0.5333333333333333,0.4472972972972973,0.43200000000000005,0.36363636363636354,0.6666666666666666,0.31743070362473347,1,2,2
0.4878048780487805,0.05784204671857622,0.3599999999999999,0.8461538461538461,0.4897959183673469,0.3333333333333333,0.34,0.2864864864864865,0.7959999999999999,0.409090909090909,0.3333333333333333,0.09834754797441367,0,1,2
0.8780487804878049,0.8587319243604005,0.2400000000000002,0.3076923076923077,0.46938775510204084,0.25,0.36000000000000004,0.2925675675675676,0.524,0.36363636363636354,0.6666666666666666,0.8619402985074626,1,1,2
0.0975609756097561,0.7497219132369299,0.48,0.8974358974358975,0.3673469387755102,0.5416666666666666,0.56,0.48243243243243245,0.48,0.31818181818181823,0.0,0.617004264392324,1,2,1
0.43902439024390244,0.21245828698553948,0.56,0.6153846153846154,0.02040816326530612,0.4166666666666667,0.2333333333333333,0.14256756756756755,0.98,0.31818181818181823,0.0,0.16871002132196156,0,0,1
0.3170731707317073,0.1479421579532814,0.2799999999999998,0.5897435897435898,0.42857142857142855,0.8333333333333334,0.046666666666666634,0.06689189189189189,0.7759999999999999,0.409090909090909,0.3333333333333333,0.19989339019189764,0,2,1
0.6097560975609756,0.06896551724137934,0.2599999999999998,0.41025641025641024,0.3877551020408163,0.625,0.4533333333333333,0.3439189189189189,0.46799999999999997,0.27272727272727276,0.0,0.13512793176972282,1,2,1
0.07317073170731707,0.30033370411568405,0.2200000000000002,0.02564102564102564,0.6530612244897959,1.0,0.5466666666666667,0.5412162162162162,0.48,0.27272727272727276,0.3333333333333333,0.36060767590618337,1,3,2
0.5853658536585366,0.5150166852057841,0.54,0.3076923076923077,0.14285714285714285,0.20833333333333334,0.8466666666666667,0.5472972972972973,0.056000000000000015,0.9090909090909091,0.6666666666666666,0.4059168443496802,1,1,3
1.0,0.5061179087875417,0.33999999999999986,0.7692307692307693,0.4897959183673469,0.875,0.9933333333333333,0.7533783783783784,0.2,0.9090909090909091,1.0,0.4888059701492537,1,0,3
0.5853658536585366,0.3359288097886541,0.7400000000000002,0.717948717948718,0.9183673469387755,0.625,0.5866666666666666,0.5567567567567567,0.508,0.8636363636363635,0.3333333333333333,0.20655650319829422,1,1,2
0.4146341463414634,0.9688542825361511,0.2400000000000002,0.6923076923076923,0.16326530612244897,0.7916666666666666,0.3466666666666667,0.28040540540540543,0.532,0.8636363636363635,0.6666666666666666,0.9624200426439231,1,2,2
0.9512195121951219,0.3959955506117908,0.33999999999999986,0.6666666666666666,0.673469387755102,0.625,0.3666666666666667,0.28378378378378377,0.8640000000000001,0.13636363636363638,0.3333333333333333,0.3941897654584221,0,0,2
0.17073170731707318,0.25139043381535037,0.2999999999999998,0.358974358974359,0.4489795918367347,0.4583333333333333,0.4666666666666666,0.37094594594594593,0.716,0.31818181818181823,0.3333333333333333,0.28438166311300633,0,0,1
0.926829268292683,0.17463848720800892,0.06000000000000005,0.7692307692307693,0.08163265306122448,0.6666666666666666,0.94,0.5155405405405405,0.24400000000000005,0.5454545454545455,1.0,0.3057036247334754,0,0,3
0.9512195121951219,0.6240266963292547,0.48,1.0,0.4897959183673469,0.16666666666666666,0.47333333333333333,0.3777027027027027,0.4640000000000001,0.5909090909090908,0.3333333333333333,0.5175906183368869,1,0,2
0.3170731707317073,0.40823136818687433,0.2400000000000002,0.358974358974359,0.14285714285714285,1.0,0.5933333333333333,0.3918918918918919,0.7240000000000001,0.36363636363636354,0.6666666666666666,0.4506929637526652,0,3,2
0.7560975609756098,0.19132369299221358,0.7799999999999998,0.8205128205128205,0.30612244897959184,0.5,0.4266666666666666,0.31013513513513513,0.44400000000000006,0.9090909090909091,0.0,0.09834754797441367,1,0,1
0.9024390243902439,0.33259176863181317,0.6200000000000001,0.48717948717948717,0.9591836734693877,0.2916666666666667,0.4666666666666666,0.46554054054054056,0.408,0.27272727272727276,0.6666666666666666,0.2404051172707889,1,2,2
0.7804878048780488,0.31034482758620696,0.54,0.28205128205128205,0.8979591836734694,0.9583333333333334,0.35333333333333333,0.3087837837837838,0.92,0.409090909090909,0.3333333333333333,0.24920042643923243,0,3,2
0.5365853658536586,0.5328142380422692,0.7400000000000002,0.9230769230769231,0.2857142857142857,0.16666666666666666,0.9733333333333333,0.7716216216216216,0.027999999999999973,0.9090909090909091,1.0,0.34168443496801704,1,2,3
0.34146341463414637,0.6985539488320355,0.96,0.20512820512820512,0.0,0.4583333333333333,0.49333333333333335,0.34797297297297297,0.7120000000000001,0.5909090909090908,0.3333333333333333,0.37046908315565025,1,2,2
0.7804878048780488,0.1312569521690767,0.0,0.5641025641025641,0.42857142857142855,0.3333333333333333,0.5466666666666667,0.3614864864864865,0.92,0.31818181818181823,0.3333333333333333,0.28518123667377393,0,1,1
0.5853658536585366,0.19688542825361516,0.14000000000000012,0.1794871794871795,0.04081632653061224,0.08333333333333333,0.8866666666666667,0.4743243243243243,0.308,0.5454545454545455,0.6666666666666666,0.29557569296375263,0,0,3
0.3902439024390244,0.29477196885428253,0.3799999999999999,0.7948717948717948,0.7551020408163265,0.08333333333333333,0.2066666666666667,0.225,0.7240000000000001,0.36363636363636354,0.3333333333333333,0.2921108742004264,0,0,1
0.7804878048780488,0.6162402669632926,0.2200000000000002,0.3333333333333333,0.2653061224489796,0.0,0.43999999999999995,0.31148648648648647,0.46,0.9545454545454545,0.6666666666666666,0.6524520255863538,1,2,2
0.024390243902439025,0.324805339265851,0.20000000000000018,0.6666666666666666,0.7142857142857143,1.0,0.4466666666666666,0.4081081081081081,0.8959999999999999,0.04545454545454549,0.3333333333333333,0.39205756929637525,0,0,1
0.3170731707317073,0.2958843159065628,0.33999999999999986,0.6153846153846154,0.3469387755102041,0.875,0.3466666666666667,0.26756756756756755,0.84,0.0,0.6666666666666666,0.3081023454157782,0,3,2
0.9512195121951219,0.4827586206896552,0.2999999999999998,0.3076923076923077,0.9387755102040817,0.7083333333333334,0.7133333333333334,0.6668918918918919,0.13200000000000003,0.9090909090909091,0.6666666666666666,0.48800639658848605,1,1,3
0.9512195121951219,0.0422691879866518,0.5,0.5128205128205128,0.8163265306122449,0.9583333333333334,0.5933333333333333,0.47162162162162163,0.6040000000000001,0.09090909090909088,0.0,0.052771855010660985,0,0,1
0.926829268292683,0.2691879866518354,0.3799999999999999,0.7692307692307693,0.3469387755102041,0.4583333333333333,0.9933333333333333,0.6243243243243243,0.38400000000000006,0.5454545454545455,1.0,0.27078891257995735,0,0,3
0.12195121951219512,0.045606229143492785,0.2400000000000002,0.9230769230769231,0.04081632653061224,0.3333333333333333,0.05333333333333331,0.03445945945945946,0.628,0.5454545454545455,0.0,0.11940298507462686,0,3,1
0.12195121951219512,0.5261401557285873,0.8199999999999998,0.10256410256410256,0.1836734693877551,0.3333333333333333,0.9133333333333334,0.6918918918918919,0.07200000000000002,0.9090909090909091,1.0,0.30943496801705755,1,1,3
0.04878048780487805,0.1668520578420467,0.20000000000000018,0.3076923076923077,0.9795918367346939,0.7083333333333334,0.4133333333333334,0.4945945945945946,0.56,0.7727272727272727,0.6666666666666666,0.244136460554371,1,3,2
0.14634146341463414,0.5239154616240266,0.48,0.6923076923076923,0.7755102040816326,0.7083333333333334,0.7133333333333334,0.7168918918918918,0.0,0.9090909090909091,0.6666666666666666,0.4384328358208955,1,2,3
0.17073170731707318,0.2958843159065628,0.2200000000000002,0.6153846153846154,0.9387755102040817,0.25,0.5866666666666666,0.6466216216216216,0.6,0.6818181818181818,0.0,0.35634328358208955,1,2,1
1.0,0.2269187986651835,0.52,0.8717948717948718,0.0,0.125,0.8133333333333334,0.422972972972973,0.35200000000000004,0.5454545454545455,1.0,0.19136460554371,0,0,3
0.34146341463414637,0.9610678531701891,0.6600000000000001,0.9743589743589743,0.5306122448979592,0.5,0.4000000000000001,0.3918918918918919,0.728,0.27272727272727276,0.3333333333333333,0.6775053304904051,1,1,2
0.6829268292682927,0.5417130144605117,0.2599999999999998,0.15384615384615385,0.5306122448979592,0.6666666666666666,0.16666666666666666,0.16148648648648647,0.752,0.9090909090909091,0.0,0.5613006396588486,1,2,1
